album_id,album_name,album_label,album_popularity,date,artists_id,artists_name,album_genre
0Rkv5iqjF2uenfL0OVB8hg,Aashiqui 2,T-Series,70,4/6/2013,"['09UmIX92EUH9hAK4bxvHx6', '0E02VcvA5p1ndkLdqWD5JB', '2kkQthS9OLpK4UqNWYqoVl']","['Mithoon', 'Ankit Tiwari', 'Jeet Gannguli']","['desi pop', 'filmi', 'modern bollywood', 'pakistani pop', 'sufi']"
691IHRPkhwvV6GO2jnVKSF,Tanhaji - The Unsung Warrior,T-Series,45,1/8/2020,"['4kTETBi8QdOwlpIuPHdSAj', '5fvTHKKzW44A9867nPDocM', '1SyKki7JI1AZNKwgNMkn25']","['Mehul Vyas', 'Ajay-Atul', 'Sachet-Parampara']","['classic bollywood', 'desi pop', 'filmi', 'marathi pop', 'modern bollywood', 'sufi']"
5ZnhEAXHIt3lomWlfswwnv,Baaghi 3,T-Series,45,3/7/2020,['0LyfQWJT6nXafLPZqxe9Of'],['Various Artists'],"['classic bollywood', 'desi pop', 'filmi', 'modern bollywood', 'sufi']"
50FHINh9xisewZgfucGbVL,Street Dancer 3D,T-Series,56,2/13/2020,['0LyfQWJT6nXafLPZqxe9Of'],['Various Artists'],"['chutney', 'classic bollywood', 'desi hip hop', 'desi pop', 'desi trap', 'filmi', 'gujarati pop', 'haryanvi pop', 'indian folk', 'modern bollywood', 'pakistani hip hop', 'punjabi hip hop', 'punjabi pop', 'sufi', 'tamil pop']"
1qvic7ic93zptwsWs2nvhU,Shubh Mangal Zyada Saavdhan,T-Series,55,2/24/2020,['0LyfQWJT6nXafLPZqxe9Of'],['Various Artists'],"['bhajan', 'classic bollywood', 'desi hip hop', 'desi pop', 'filmi', 'ghazal', 'modern bollywood', 'sufi']"
32UrHUAIsQrWEnGBoOudBd,Malang - Unleash The Madness,T-Series,50,3/13/2020,['0LyfQWJT6nXafLPZqxe9Of'],['Various Artists'],"['desi pop', 'filmi', 'modern bollywood', 'pakistani pop', 'sufi']"
4c89Lp5u0qqH82Ci0X4rYx,Chhapaak,Zee Music Company,23,1/14/2020,['0L5GV6LN8SWWUWIdBbTLTZ'],['Shankar-Ehsaan-Loy'],"['desi pop', 'filmi', 'modern bollywood']"
6IXfWhC7omotM4lt0ROmEr,Love Aaj Kal (Original Motion Picture Soundtrack),Sony Music Entertainment India Pvt. Ltd.,70,2/14/2020,['1wRPtKGflJrBx9BmLsSwlU'],['Pritam'],"['desi hip hop', 'desi pop', 'desi trap', 'filmi', 'gujarati pop', 'hindi hip hop', 'indian fusion', 'indian instrumental', 'modern bollywood', 'pakistani pop', 'sufi']"
4G3LgNCIT4yHn2pF4AfrsR,Jawaani Jaaneman (Original Motion Picture Soundtrack),Tips Industries Ltd,58,1/15/2020,['0LyfQWJT6nXafLPZqxe9Of'],['Various Artists'],"['bhangra', 'classic bhangra', 'classic bollywood', 'desi hip hop', 'desi pop', 'filmi', 'modern bollywood', 'punjabi pop', 'sufi']"
1YTq9ITQJ3Mj4uMj3GECDM,Thappad,T-Series,39,2/28/2020,['6hzngLO20cX5IGqT0hVv1G'],['Anurag Saikia'],"['indian indie', 'indian singer-songwriter']"
28QndjXQV1HSKVYLyMfVia,Panga,Saregama,38,1/21/2020,"['0L5GV6LN8SWWUWIdBbTLTZ', '3UpmjPgIFSGqnxXuiwD014']","['Shankar-Ehsaan-Loy', 'Javed Akhtar']","['desi pop', 'filmi', 'indian folk', 'modern bollywood', 'punjabi pop', 'sufi', 'tamil pop']"
0z7bJ6UpjUw8U4TATtc5Ku,War,YRF Music,48,9/30/2019,"['6Mv8GjQa7LKUGCAqa9qqdb', '0LOdQDBSB8NYPykI3REezj']","['Vishal-Shekhar', 'Sanchit Balhara']","['desi pop', 'filmi', 'modern bollywood', 'pakistani pop', 'sufi']"
6zOb6Qe1dDiZTKNlUhWQyL,Saaho,T-Series,19,8/28/2019,['0LyfQWJT6nXafLPZqxe9Of'],['Various Artists'],"['desi hip hop', 'desi pop', 'desi trap', 'filmi', 'haryanvi pop', 'modern bollywood', 'sufi', 'tamil pop']"
3uuu6u13U0KeVQsZ3CZKK4,Kabir Singh,T-Series,72,6/14/2019,['0LyfQWJT6nXafLPZqxe9Of'],['Various Artists'],"['desi pop', 'filmi', 'modern bollywood', 'sufi']"
31U8tMvX1T5hcmAZrxX9sn,Uri - The Surgical Strike,Zee Music Company,60,1/4/2019,['465OXuCU8YZNmVG1leLwQ9'],['Shashwat Sachdev'],"['bhangra', 'desi hip hop', 'desi pop', 'filmi', 'modern bollywood', 'sufi']"
6Jl2MfI7pB2hWKvTUc5DbA,Bharat,T-Series,48,5/17/2019,"['6Mv8GjQa7LKUGCAqa9qqdb', '37dW5exIcXrrHEMmiItJas', '6Zp0PtxiTdumQ2O5CGx7vU']","['Vishal-Shekhar', 'Julius Packiam', 'Ali Abbas Zafar']","['classic bollywood', 'desi pop', 'filmi', 'modern bollywood', 'sufi']"
02aELzChtGQdlNw9Eikrnt,Good Newwz,Zee Music Company,56,12/26/2019,['0LyfQWJT6nXafLPZqxe9Of'],['Various Artists'],"['bhangra', 'big room', 'dance pop', 'desi hip hop', 'desi pop', 'desi trap', 'edm', 'electro house', 'electropop', 'filmi', 'haryanvi pop', 'indian edm', 'modern bollywood', 'pop', 'pop dance', 'punjabi pop', 'slap house', 'tropical house']"
2U6lo5hLVsWCFFR5zmCvTV,Mission Mangal,Zee Music Company,42,9/12/2019,"['7HCqGPJcQTyGJ2yqntbuyr', '4f7KfxeHq9BiylGmyXepGt']","['Amit Trivedi', 'Tanishk Bagchi']","['desi pop', 'filmi', 'kashmiri pop', 'modern bollywood', 'pakistani pop', 'rajasthani pop', 'sufi']"
61yDeessJaxmW5NiWFVcxK,Housefull 4,T-Series,44,10/23/2019,['0LyfQWJT6nXafLPZqxe9Of'],['Various Artists'],"['classic bollywood', 'desi hip hop', 'desi pop', 'filmi', 'modern bollywood', 'sufi']"
3UhZwBv1QvSLG1OFQXx930,Gully Boy,Zee Music Company,63,1/24/2019,['0LyfQWJT6nXafLPZqxe9Of'],['Various Artists'],"['bhangra', 'classic punjabi pop', 'desi hip hop', 'desi pop', 'desi trap', 'filmi', 'hindi hip hop', 'hindi indie', 'indian electronic', 'indian folk', 'indian fusion', 'indian indie', 'indian rock', 'indian singer-songwriter', 'kannada pop', 'kashmiri pop', 'marathi hip hop', 'modern bollywood', 'new delhi indie', 'pakistani pop', 'punjabi hip hop', 'punjabi pop', 'sufi', 'world fusion']"
2aS0spB6fGbe8Z8cYcfru7,Dabangg 3,T-Series,45,11/13/2019,['3qdu3XhzSzkRhbwdFKnSuw'],['Sajid-Wajid'],"['classic bollywood', 'desi hip hop', 'desi pop', 'desi trap', 'filmi', 'haryanvi pop', 'indian folk', 'modern bollywood', 'sufi']"
2uZYzAlfetvbdWlpSfeNk0,Sanju,T-Series,45,6/29/2018,"['6wnx3CHIWmuaOWubIXn6UE', '0aXLGxJ65wok0y1bVG6flg', '1mYsTxnqsietFxj1OgoGbG']","['Rohan Rohan', 'Vikram Montrose', 'A.R. Rahman']","['classic bollywood', 'desi pop', 'filmi', 'indian folk', 'indian fusion', 'indian indie', 'modern bollywood', 'sufi']"
7mZB5aUcjoHfDKSQtDRXrf,Padmaavat,T-Series,60,1/21/2018,['5eWpthiGD66CLD4bQjvIBp'],['Sanjay Leela Bhansali'],"['classic bollywood', 'desi pop', 'filmi', 'modern bollywood', 'sufi']"
06l61IvDCVAeThVR8ajgxj,Andhadhun,Zee Music Company,60,10/3/2018,"['7HCqGPJcQTyGJ2yqntbuyr', '5UdFr0GeO7jKIaNIJgwB36', '2WrKNI4oe46x5gpMkPPwW2']","['Amit Trivedi', 'Raftaar', 'Girish Nakod']","['desi hip hop', 'desi pop', 'desi trap', 'filmi', 'hindi hip hop', 'modern bollywood', 'sufi']"
3dynRTuVOrAr5O7srr2txN,Simmba,T-Series,53,12/27/2018,['0LyfQWJT6nXafLPZqxe9Of'],['Various Artists'],"['classic bollywood', 'classic pakistani pop', 'desi hip hop', 'desi pop', 'filmi', 'german reggae', 'modern bollywood', 'qawwali', 'sufi', 'tamil pop']"
1X2eKKpOOcbDEfXrR4cDhA,Thugs of Hindostan - Hindi,YRF Music,34,10/31/2018,['5fvTHKKzW44A9867nPDocM'],['Ajay-Atul'],"['classic bollywood', 'desi pop', 'filmi', 'modern bollywood', 'sufi']"
4qTiNHKwU2ldMiOMMMP8z5,Race 3 (Original Motion Picture Soundtrack),Tips Industries Ltd,49,6/15/2018,['0LyfQWJT6nXafLPZqxe9Of'],['Various Artists'],"['classic pakistani pop', 'desi hip hop', 'desi pop', 'filmi', 'modern bollywood', 'sufi', 'tollywood']"
2zVzYeNSylXPUUungjtXz4,Baaghi 2,T-Series,47,3/20/2018,['0LyfQWJT6nXafLPZqxe9Of'],['Various Artists'],"['classic pakistani pop', 'desi pop', 'filmi', 'modern bollywood', 'sufi']"
3udowhwx7kVR1qIo5qAX8X,Hichki,YRF Music,42,2/20/2018,['74OaRjmyh0XyRZsQQQ5l7c'],['Jasleen Royal'],"['desi pop', 'filmi', 'indian singer-songwriter', 'modern bollywood', 'pakistani pop', 'sufi']"
3JV6qkpTBbwUL0gSDPc6bA,Badhaai Ho,T-Series,49,10/18/2018,['0LyfQWJT6nXafLPZqxe9Of'],['Various Artists'],"['desi pop', 'filmi', 'modern bollywood', 'sufi']"
0UmtPWWsNVt38OQu8LcVLM,Padman,Zee Music Company,47,12/26/2017,['7HCqGPJcQTyGJ2yqntbuyr'],['Amit Trivedi'],"['desi hip hop', 'desi pop', 'filmi', 'gujarati pop', 'modern bollywood', 'sufi']"
09x7TmgTujwGzuZBcl1ryA,Secret Superstar,Zee Music Company,47,10/18/2017,['7HCqGPJcQTyGJ2yqntbuyr'],['Amit Trivedi'],"['desi hip hop', 'desi pop', 'filmi', 'gujarati pop', 'modern bollywood', 'sufi']"
2q00VQKBQu6ZUesFREPFWc,Tiger Zinda Hai,YRF Music,61,12/12/2017,"['6Mv8GjQa7LKUGCAqa9qqdb', '37dW5exIcXrrHEMmiItJas']","['Vishal-Shekhar', 'Julius Packiam']","['classic bollywood', 'classic pakistani pop', 'desi hip hop', 'desi pop', 'desi trap', 'filmi', 'hindi hip hop', 'modern bollywood', 'sufi']"
5wUJ0hK8HJMpf5WEotPihO,Hindi Medium,T-Series,53,4/21/2017,['0LyfQWJT6nXafLPZqxe9Of'],['Various Artists'],"['bhangra', 'classic pakistani pop', 'desi hip hop', 'desi pop', 'filmi', 'modern bollywood', 'sufi']"
4ztV5mrPRstHMum5pYJJEP,Toilet - Ek Prem Katha,T-Series,32,7/13/2017,"['4tJmSuQg5xJfmF3NjPL8g8', '6Y70VSPzaaekvmnXq2UGqP', '1SyKki7JI1AZNKwgNMkn25']","['Vickey Prasad', 'Manas-Shikhar', 'Sachet-Parampara']","['classic bollywood', 'desi pop', 'filmi', 'modern bollywood', 'sufi']"
6TkPAxlcIcdxSQzC9JHzAO,Golmaal Again!!!,T-Series,42,10/6/2017,"['2FgHPfRprDaylrSRVf1UlN', '76fuWYgIf3TVIopTs3vaJ6', '5TNSXFCNwlq2CfiMcNOCDP']","['Thaman S', 'Amaal Mallik', 'Lijo George-Dj Chetas']","['desi pop', 'filmi', 'modern bollywood', 'sufi', 'tollywood']"
0OV6Olty1sYOl8414511Ae,Raees,Zee Music Company,65,1/24/2017,['0LyfQWJT6nXafLPZqxe9Of'],['Various Artists'],"['classic bollywood', 'desi hip hop', 'desi pop', 'filmi', 'gujarati garba', 'gujarati pop', 'modern bollywood', 'pakistani pop', 'sufi']"
5s5nSyhQFpoXZeqqTXQ16J,Judwaa 2,T-Series,51,9/12/2017,['0LyfQWJT6nXafLPZqxe9Of'],['Various Artists'],"['bhangra', 'classic bollywood', 'desi hip hop', 'desi pop', 'filmi', 'modern bollywood', 'sufi']"
1YQ3etszbfhZZNDqWmKdLa,Kaabil,T-Series,53,12/22/2016,"['5c3Qxc5sTis0Oq3XcOdIJD', '65nLHsd1qvpjrzK4pGbEpC']","['Rajesh Roshan', 'Gourov-Roshin']","['desi hip hop', 'desi pop', 'desi trap', 'filmi', 'hindi hip hop', 'modern bollywood', 'sufi']"
4Y3f3J030knsEk3epIvO0R,Tubelight (Original Motion Picture Soundtrack),Sony Music Entertainment India Pvt. Ltd.,46,6/22/2017,['1wRPtKGflJrBx9BmLsSwlU'],['Pritam'],"['classic bollywood', 'classic pakistani pop', 'desi pop', 'filmi', 'indian folk', 'indian indie', 'indian instrumental', 'modern bollywood', 'pakistani pop', 'qawwali', 'sufi']"
26ska1StQhwbWADLTg2hky,Badrinath Ki Dulhania,T-Series,61,2/14/2017,['0LyfQWJT6nXafLPZqxe9Of'],['Various Artists'],"['bhajan', 'classic bollywood', 'desi hip hop', 'desi pop', 'desi trap', 'filmi', 'ghazal', 'haryanvi pop', 'modern bollywood', 'sufi']"
3xK8rPlzF8LDHIIVYsDJUD,Dangal (Original Motion Picture Soundtrack),Zee Music Company,59,12/14/2016,['1wRPtKGflJrBx9BmLsSwlU'],['Pritam'],"['bhangra', 'classic bollywood', 'desi hip hop', 'desi pop', 'desi trap', 'filmi', 'hindi hip hop', 'modern bollywood', 'sufi']"
0tAi6H8acUKefYMIEuxcMA,Sultan,YRF Music,58,5/31/2016,['6Mv8GjQa7LKUGCAqa9qqdb'],['Vishal-Shekhar'],"['classic bollywood', 'classic pakistani pop', 'desi hip hop', 'desi pop', 'desi trap', 'filmi', 'haryanvi pop', 'indian folk', 'indian indie', 'modern bollywood', 'qawwali', 'sufi']"
5XfOSDomcrv4lDvlrxknlt,Ae Dil Hai Mushkil (Original Motion Picture Soundtrack),Sony Music Entertainment India Pvt. Ltd.,51,10/26/2016,['1wRPtKGflJrBx9BmLsSwlU'],['Pritam'],"['desi hip hop', 'desi pop', 'desi trap', 'filmi', 'haryanvi pop', 'indian fusion', 'indian instrumental', 'modern bollywood', 'pakistani pop', 'sufi']"
0UuTH5r9tyFJ2tqnvc1wWm,M.S.Dhoni - The Untold Story,T-Series,65,9/17/2016,['76fuWYgIf3TVIopTs3vaJ6'],['Amaal Mallik'],"['desi pop', 'filmi', 'modern bollywood', 'sufi']"
1TK8mLZQbWPe4sRmkcWrIu,Rustom,Zee Music Company,63,7/15/2016,['0LyfQWJT6nXafLPZqxe9Of'],['Various Artists'],"['classic pakistani pop', 'desi pop', 'filmi', 'marathi hip hop', 'marathi pop', 'modern bollywood', 'sufi']"
1IwC3SdQXPgXSs8FLvOUju,Airlift,T-Series,62,12/17/2015,"['76fuWYgIf3TVIopTs3vaJ6', '0E02VcvA5p1ndkLdqWD5JB']","['Amaal Mallik', 'Ankit Tiwari']","['desi pop', 'filmi', 'indian folk', 'modern bollywood', 'sufi']"
6OzzQNZsiOz4Cmdq1CxT4j,Housefull 3,T-Series,41,5/10/2016,['0LyfQWJT6nXafLPZqxe9Of'],['Various Artists'],"['classic bollywood', 'desi hip hop', 'desi pop', 'filmi', 'hands up', 'indian folk', 'modern bollywood', 'punjabi pop', 'sufi']"
6OjSCPXw0Oa2KNMAEGZKLy,Fan,YRF Music,31,2/25/2016,['6Mv8GjQa7LKUGCAqa9qqdb'],['Vishal-Shekhar'],"['bhojpuri pop', 'classic bangla pop', 'classic bhangra', 'classic bollywood', 'desi pop', 'filmi', 'gujarati pop', 'hindi indie', 'indian singer-songwriter', 'kolkata indie', 'modern bollywood', 'punjabi pop', 'sufi']"
0gCcyIYaX8OK2BcKs8behf,Shivaay,T-Series,61,10/7/2016,"['09UmIX92EUH9hAK4bxvHx6', '74OaRjmyh0XyRZsQQQ5l7c']","['Mithoon', 'Jasleen Royal']","['classic bollywood', 'desi hip hop', 'desi pop', 'desi trap', 'filmi', 'haryanvi pop', 'indian folk', 'indian singer-songwriter', 'modern bollywood', 'sufi']"
4nZOPP0atfJbBlkedLYi7t,Bajrangi Bhaijaan,T-Series,63,7/7/2015,['1wRPtKGflJrBx9BmLsSwlU'],['Pritam'],"['classic bollywood', 'classic pakistani pop', 'desi hip hop', 'desi pop', 'desi trap', 'filmi', 'haryanvi pop', 'indian folk', 'indian indie', 'indian instrumental', 'modern bollywood', 'qawwali', 'sufi']"
09AmTEo0Po8vC2WDcpviAT,Dilwale (Original Motion Picture Soundtrack),Sony Music Entertainment India Pvt. Ltd.,60,11/17/2015,['1wRPtKGflJrBx9BmLsSwlU'],['Pritam'],"['desi pop', 'filmi', 'indian instrumental', 'modern bollywood', 'sufi']"
4lq1ltuWHX49J7cFy6Pr8z,Prem Ratan Dhan Payo,T-Series,50,10/10/2015,['0sSxphmGskGCKlwB9xa6WU'],['Himesh Reshammiya'],"['desi pop', 'filmi', 'gujarati garba', 'gujarati pop', 'modern bollywood', 'sufi']"
7HJVu7w2OoUHov9S936G5j,Bajirao Mastani (Original Motion Picture Soundtrack),Eros Music,58,11/25/2015,"['5eWpthiGD66CLD4bQjvIBp', '5o36rLQd78Zh8CaT8rn59d']","['Sanjay Leela Bhansali', 'Shreyas Puranik']","['classic bollywood', 'classic pakistani pop', 'desi pop', 'filmi', 'hindustani vocal', 'marathi pop', 'modern bollywood', 'pakistani pop', 'sufi']"
3jLRlsyH7Py1LFx6KH3nfe,Tanu Weds Manu Returns (Original Motion Picture Soundtrack),Eros Music,32,4/30/2015,"['1fn1zda146dVI8wNdqi9l6', '5vwmYR4hN6lASQJUMWPrEL', '3S1RsC0ob5QCsRFO5CLyQd']","['Krsna Solo', 'Vayu', 'Tanishk']","['desi pop', 'filmi', 'modern bollywood', 'sufi']"
76pDC6SkTXcyDZQsLllxFX,Welcome Back,T-Series,37,8/6/2015,['0LyfQWJT6nXafLPZqxe9Of'],['Various Artists'],"['classic bollywood', 'desi hip hop', 'desi pop', 'filmi', 'hindi hip hop', 'kashmiri pop', 'modern bollywood', 'punjabi pop', 'sufi']"
3zGErJa2SJeaQkujyfhun2,ABCD 2,Zee Music Company,59,8/24/2018,['1mBydYMVBECdDmMfE2sEUO'],['Sachin-Jigar'],"['bhangra', 'desi hip hop', 'desi pop', 'desi trap', 'filmi', 'gujarati pop', 'haryanvi pop', 'indian folk', 'modern bollywood', 'sufi']"
0ZRVDoVuEiOxJLVTSpNFk6,Dil Dhadakne Do,T-Series,57,5/2/2015,['0L5GV6LN8SWWUWIdBbTLTZ'],['Shankar-Ehsaan-Loy'],"['classic bollywood', 'desi pop', 'filmi', 'indian folk', 'indian indie', 'modern bollywood', 'sufi', 'tamil pop']"
7HrNUTs1074Mn3feU452pr,Baby,T-Series,24,1/7/2015,"['5isfxZ3RSdBlSLn3cSFhnI', '5YewttB9YNwpp5u3SGrRER']","['Meet Bros Anjjan', 'M. M. Kreem']","['desi pop', 'filmi', 'indian folk', 'indian indie', 'modern bollywood', 'sufi', 'tollywood']"
3CUze5uhJuLcEYfgU4x4w1,Piku,Zee Music Company,52,8/13/2018,['5LZ894xYE9MG1sal0gjt5L'],['Anupam Roy'],"['classic bangla pop', 'desi pop', 'filmi', 'hindi indie', 'indian singer-songwriter', 'kolkata indie', 'modern bollywood', 'sufi']"
7vBzArSzOuhdO0ZyLtQUhZ,Pk,T-Series,50,11/17/2014,"['5fvTHKKzW44A9867nPDocM', '6hpDlOvqsnIxrPegGTWVY1', '0E02VcvA5p1ndkLdqWD5JB']","['Ajay-Atul', 'Shantanu Moitra', 'Ankit Tiwari']","['classic bollywood', 'desi pop', 'filmi', 'modern bollywood', 'sufi']"
5EBunNGKdU980idkTYY5WA,Happy New Year,T-Series,54,9/26/2014,['0LyfQWJT6nXafLPZqxe9Of'],['Various Artists'],"['classic bollywood', 'desi hip hop', 'desi pop', 'desi trap', 'filmi', 'modern bollywood', 'punjabi hip hop', 'sufi', 'tamil pop']"
3cZzNUD8je3vJKARADXJDy,Kick,T-Series,54,7/7/2014,"['0sSxphmGskGCKlwB9xa6WU', '5isfxZ3RSdBlSLn3cSFhnI', '7uIbLdzzSEqnX0Pkrb56cR']","['Himesh Reshammiya', 'Meet Bros Anjjan', 'Yo Yo Honey Singh']","['desi hip hop', 'desi pop', 'filmi', 'hindi hip hop', 'modern bollywood', 'punjabi pop', 'sufi']"
6OPaPfgLzRn30767pjwfY3,Bang Bang (Original Motion Picture Soundtrack),Zee Music Company,62,9/15/2014,['6Mv8GjQa7LKUGCAqa9qqdb'],['Vishal-Shekhar'],"['desi pop', 'filmi', 'modern bollywood', 'pakistani pop', 'sufi']"
3EkmvTqyKrnMw1WiVpsSwF,Ek Villain,T-Series,65,5/28/2014,['0LyfQWJT6nXafLPZqxe9Of'],['Various Artists'],"['desi pop', 'filmi', 'modern bollywood', 'pakistani pop', 'sufi']"
3Ho9myCfRqygtmG3a073Zx,Singham Returns,T-Series,40,8/5/2014,['0LyfQWJT6nXafLPZqxe9Of'],['Various Artists'],"['desi hip hop', 'desi pop', 'filmi', 'hindi hip hop', 'modern bollywood', 'sufi']"
3Jb68IbR95Kh1hsR1oWxij,Jai Ho,T-Series,39,12/20/2013,"['3qdu3XhzSzkRhbwdFKnSuw', '76fuWYgIf3TVIopTs3vaJ6', '5sSzCxHtgL82pYDvx2QyEU']","['Sajid-Wajid', 'Amaal Mallik', 'Devi Sri Prasad']","['desi pop', 'filmi', 'gujarati pop', 'modern bollywood', 'sufi']"
304IxOzUBDjh3MCoYNZ0o8,Holiday - A Soldier Is Never Off Duty,Zee Music Company,52,6/6/2014,"['1wRPtKGflJrBx9BmLsSwlU', '2quD8ApRNVbQgLqGXCTea4']","['Pritam', 'Kaushik Dutta']","['desi hip hop', 'desi pop', 'filmi', 'modern bollywood', 'sufi', 'tollywood']"
4PmYasI57t8uJJAOt0zKud,2 States,T-Series,63,3/14/2014,['0L5GV6LN8SWWUWIdBbTLTZ'],['Shankar-Ehsaan-Loy'],"['desi pop', 'filmi', 'marathi pop', 'modern bollywood', 'sufi', 'tamil indie', 'tamil pop', 'tollywood']"
77c6Pbrq6UtHXY2aroX2S1,Gunday,YRF Music,54,12/26/2013,['1bTROl5p3rGTpvKeWnGgrw'],['Sohail Sen'],"['classic bollywood', 'desi pop', 'filmi', 'modern bollywood', 'sufi']"
0Zwt7ZPZzacRD4wPSotgam,Dhoom:3,YRF Music,55,11/14/2013,"['1wRPtKGflJrBx9BmLsSwlU', '5mRWjW6dJFcoX1CnA9J92J']","['Pritam', 'Julius Packiam-Joshilay']","['desi pop', 'filmi', 'indian instrumental', 'modern bollywood', 'pakistani pop', 'sufi', 'tollywood']"
08hhqmG2yI7741tXn2Zs4g,Chennai Express,T-Series,58,7/3/2013,['6Mv8GjQa7LKUGCAqa9qqdb'],['Vishal-Shekhar'],"['desi hip hop', 'desi pop', 'filmi', 'geek folk', 'kannada hip hop', 'marathi pop', 'modern bollywood', 'sufi', 'tamil pop', 'tollywood']"
7qBlCxcDk1KovlsUpkM7Qa,Krrish 3,T-Series,41,9/19/2013,['5c3Qxc5sTis0Oq3XcOdIJD'],['Rajesh Roshan'],"['assamese pop', 'classic bollywood', 'desi pop', 'filmi', 'modern bollywood', 'sufi']"
2Lxoc72vRTGdQfMvj7Ovi1,Yeh Jawaani Hai Deewani,T-Series,71,3/30/2013,['1wRPtKGflJrBx9BmLsSwlU'],['Pritam'],"['classic bollywood', 'desi pop', 'filmi', 'indian indie', 'indian instrumental', 'modern bollywood', 'pakistani pop', 'sufi']"
7LnYqdYYp4ge2tvKmxNDsg,Goliyon Ki Raasleela Ram-Leela,Eros Music,58,10/15/2013,['5eWpthiGD66CLD4bQjvIBp'],['Sanjay Leela Bhansali'],"['desi pop', 'filmi', 'gujarati garba', 'gujarati pop', 'modern bollywood', 'sufi']"
3m5FIubiCHr9mH3BU7ngY4,Bhaag Milkha Bhaag (Original Motion Picture Soundtrack),Sony Music Entertainment India Pvt. Ltd.,61,6/14/2013,['0L5GV6LN8SWWUWIdBbTLTZ'],['Shankar-Ehsaan-Loy'],"['bhangra', 'classic bollywood', 'classic pakistani pop', 'desi pop', 'filmi', 'indian folk', 'modern bollywood', 'pakistani pop', 'sufi', 'tamil pop']"
1Q5RHgCR1iKzaZzJurDKEK,Race 2 (Original Motion Picture Soundtrack),Tips Industries Ltd,62,1/25/2012,['1wRPtKGflJrBx9BmLsSwlU'],['Pritam'],"['classic pakistani pop', 'desi pop', 'filmi', 'hindi hip hop', 'indian instrumental', 'modern bollywood', 'sufi', 'uk reggae']"
24C47633GRlozws7WBth7t,Raanjhanaa (Original Motion Picture Soundtrack),Sony Music Entertainment India Pvt. Ltd.,60,5/31/2013,['1mYsTxnqsietFxj1OgoGbG'],['A.R. Rahman'],"['classic bollywood', 'classic pakistani pop', 'desi pop', 'filmi', 'kollywood', 'marathi pop', 'modern bollywood', 'pakistani pop', 'sufi', 'tamil pop']"
6c86f4EAvnzLj7mWDra805,Grand Masti,T-Series,23,8/12/2013,"['6jMkDTgOniC7meOiAFMHrx', '5ixQ5hSywFLUaxoaA0uVaH']","['Sanjeev Darshan', 'Anand Raj Anand']","['desi hip hop', 'desi pop', 'filmi', 'modern bollywood', 'sufi']"
1vATJtFK74jkmkg5M8ffvq,Ek Tha Tiger,YRF Music,57,7/16/2012,"['3qdu3XhzSzkRhbwdFKnSuw', '1bTROl5p3rGTpvKeWnGgrw']","['Sajid-Wajid', 'Sohail Sen']","['classic bollywood', 'desi pop', 'filmi', 'modern bollywood', 'sufi']"
1bugBSaVPqGgvzNcX41W2r,Dabangg 2,T-Series,48,11/17/2012,['3qdu3XhzSzkRhbwdFKnSuw'],['Sajid-Wajid'],"['classic bollywood', 'classic pakistani pop', 'desi pop', 'filmi', 'modern bollywood', 'qawwali', 'sufi']"
3G0diKadKaufyFybV3TzuP,Jab Tak Hai Jaan,YRF Music,58,10/9/2012,['1mYsTxnqsietFxj1OgoGbG'],['A.R. Rahman'],"['classic bollywood', 'desi pop', 'filmi', 'ghazal', 'hindi indie', 'modern bollywood', 'mollywood', 'pakistani pop', 'sufi', 'tamil pop']"
3EXIPmWRsSM1sXol5g4t7j,Agneepath (Original Motion Picture Soundtrack),Sony Music Entertainment India Pvt. Ltd.,62,12/16/2011,['5fvTHKKzW44A9867nPDocM'],['Ajay-Atul'],"['chutney', 'classic bollywood', 'desi pop', 'filmi', 'modern bollywood', 'sufi']"
56vMn2mNzMjxLzbnMg3IID,Rowdy Rathore (Original Motion Picture Soundtrack),UTV,50,6/24/2012,['3qdu3XhzSzkRhbwdFKnSuw'],['Sajid-Wajid'],"['classic bollywood', 'desi hip hop', 'desi pop', 'filmi', 'modern bollywood', 'odia pop', 'sufi']"
2KZs4INik6X4KeZEsEWEm4,Barfi! (Original Motion Picture Soundtrack),UTV,62,6/24/2012,['1wRPtKGflJrBx9BmLsSwlU'],['Pritam'],"['classic bollywood', 'desi pop', 'filmi', 'indian folk', 'indian indie', 'indian instrumental', 'modern bollywood', 'sufi']"
7ASasKA02nhm5nI7tlZNjQ,Talaash,T-Series,53,10/18/2012,['3PpjqSKBer3obW6lDflOBx'],['Ram Sampath'],"['desi pop', 'filmi', 'modern bollywood', 'pakistani pop', 'sufi']"
0v63JbN0o8wbskqN5zTFLM,Housefull 2,T-Series,48,3/2/2012,['3qdu3XhzSzkRhbwdFKnSuw'],['Sajid-Wajid'],"['classic bollywood', 'desi pop', 'filmi', 'modern bollywood', 'sufi']"
3nqldG5HJrgiozdu5Wj3mN,Bol Bachchan,T-Series,30,6/7/2012,"['0sSxphmGskGCKlwB9xa6WU', '5fvTHKKzW44A9867nPDocM']","['Himesh Reshammiya', 'Ajay-Atul']","['classic bollywood', 'desi pop', 'filmi', 'ghazal', 'modern bollywood', 'sufi']"
1wPPrb7qk2pxMpiB9TZkpy,Son Of Sardaar,T-Series,40,10/1/2012,"['0sSxphmGskGCKlwB9xa6WU', '3qdu3XhzSzkRhbwdFKnSuw', '7KLT9u3Q0qWyWTfOdJfdkp']","['Himesh Reshammiya', 'Sajid-Wajid', 'Sandeep Chawtha']","['classic pakistani pop', 'desi hip hop', 'desi pop', 'filmi', 'hindi hip hop', 'modern bollywood', 'qawwali', 'sufi']"
567IupuTzzBF0cgmtucllU,Don 2,T-Series,43,11/16/2011,"['0L5GV6LN8SWWUWIdBbTLTZ', '0s2YIpNnjdf0FY4tNrF8Y4']","['Shankar-Ehsaan-Loy', 'Ricardo Villalobos']","['classic bollywood', 'desi pop', 'filmi', 'modern bollywood', 'sufi', 'tollywood']"
3Coy8qgtYG47SX9hLJBa0l,Bodyguard,T-Series,56,7/27/2011,"['0sSxphmGskGCKlwB9xa6WU', '1wRPtKGflJrBx9BmLsSwlU']","['Himesh Reshammiya', 'Pritam']","['classic pakistani pop', 'desi hip hop', 'desi pop', 'filmi', 'indian instrumental', 'modern bollywood', 'qawwali', 'sufi']"
5x2eTJrbEvmOTEcWWWubLy,Ra-One,T-Series,66,9/16/2011,['6Mv8GjQa7LKUGCAqa9qqdb'],['Vishal-Shekhar'],"['classic bollywood', 'classic pakistani pop', 'dance pop', 'desi pop', 'filmi', 'modern bollywood', 'pakistani pop', 'sufi']"
3fRvoWSlsK90ii0PVRvw4P,Ready,T-Series,51,4/25/2011,"['1wRPtKGflJrBx9BmLsSwlU', '5sSzCxHtgL82pYDvx2QyEU']","['Pritam', 'Devi Sri Prasad']","['classic pakistani pop', 'desi hip hop', 'desi pop', 'filmi', 'indian instrumental', 'modern bollywood', 'qawwali', 'sufi']"
6Baavsh6HfNka1IyvPrr24,Zindagi Na Milegi Dobara,T-Series,66,6/6/2011,['0L5GV6LN8SWWUWIdBbTLTZ'],['Shankar-Ehsaan-Loy'],"['desi pop', 'filmi', 'indian indie', 'modern bollywood', 'northeast indian indie', 'sufi']"
1uinFQ6sD5m36ClN8HCk6z,Singham,T-Series,53,6/27/2011,['5fvTHKKzW44A9867nPDocM'],['Ajay-Atul'],"['classic bollywood', 'desi pop', 'filmi', 'marathi pop', 'modern bollywood', 'sufi']"
2u6skpG85FhJuV5AGvvSAO,The Dirty Picture,T-Series,52,10/29/2011,['6Mv8GjQa7LKUGCAqa9qqdb'],['Vishal-Shekhar'],"['bangla pop', 'classic bollywood', 'desi pop', 'filmi', 'modern bollywood', 'punjabi pop', 'sufi']"
3RZxrS2dDZlbsYtMRM89v8,Rockstar,T-Series,69,10/1/2011,['1mYsTxnqsietFxj1OgoGbG'],['A.R. Rahman'],"['classic bollywood', 'desi pop', 'filmi', 'modern bollywood', 'sufi', 'tamil pop']"
1vUKBCizrhzhTZ8tgqL8db,Murder 2,T-Series,61,5/30/2011,"['4auibajZua9Ld8sPMOmPYc', '4RnBspN4LbLQPAiKuSvOdV', '09UmIX92EUH9hAK4bxvHx6']","['Harshit Saxena', 'Sangeet & Siddharth', 'Mithoon']","['desi pop', 'filmi', 'modern bollywood', 'sufi']"
5InIzc3p2f9FRErhzNUPTi,Delhi Belly (Original Motion Picture Soundtrack),UTV,52,2011,['3PpjqSKBer3obW6lDflOBx'],['Ram Sampath'],"['desi pop', 'filmi', 'gujarati pop', 'modern bollywood', 'pakistani pop', 'sufi']"
6iQgQoOdousn3fw6kkEhMZ,Dabangg,T-Series,54,8/4/2010,"['3qdu3XhzSzkRhbwdFKnSuw', '0El2QAwuEZvpsW2eRZiUdX']","['Sajid-Wajid', 'Lalit Pandit']","['classic bollywood', 'classic pakistani pop', 'desi pop', 'filmi', 'modern bollywood', 'qawwali', 'sufi']"
5VZBNteoMladEq8McyODLx,Raavan,T-Series,37,4/24/2010,['1mYsTxnqsietFxj1OgoGbG'],['A.R. Rahman'],"['bhajan', 'classic bollywood', 'desi pop', 'filmi', 'modern bollywood', 'sambass', 'sufi', 'tamil pop']"
0v6eCttKxqeSVaB2AbGOBM,Golmaal 3,T-Series,44,10/9/2010,['1wRPtKGflJrBx9BmLsSwlU'],['Pritam'],"['desi pop', 'filmi', 'indian instrumental', 'modern bollywood', 'sufi']"
1XYXVtCbeTvyrE5pH4BoOg,Raajneeti (Original Motion Picture Soundtrack),Sony Music Entertainment India Pvt. Ltd.,51,5/12/2010,['0LyfQWJT6nXafLPZqxe9Of'],['Various Artists'],"['classic bollywood', 'desi pop', 'filmi', 'hindi indie', 'indian indie', 'indian instrumental', 'modern bollywood', 'pakistani pop', 'sufi']"
43aLJDPZkmmORYGxwnuvVr,Housefull,T-Series,47,3/17/2010,['0L5GV6LN8SWWUWIdBbTLTZ'],['Shankar-Ehsaan-Loy'],"['classic bollywood', 'desi hip hop', 'desi pop', 'filmi', 'ghazal', 'modern bollywood', 'sufi']"
0fLp8N5bQ1wDOc4iCFUOX8,Tees Maar Khan,T-Series,52,11/15/2010,"['7bODaBGi7ytKAi0QgRLidQ', '6Mv8GjQa7LKUGCAqa9qqdb']","['Shirish Kunder', 'Vishal-Shekhar']","['classic bollywood', 'desi pop', 'filmi', 'koligeet', 'modern bollywood', 'punjabi pop', 'rajasthani pop', 'sufi']"
4ceWEQarPyTyeb9TUeyLOG,Once Upon A Time In Mumbaai,T-Series,62,6/29/2010,['1wRPtKGflJrBx9BmLsSwlU'],['Pritam'],"['bangla pop', 'classic pakistani pop', 'desi hip hop', 'desi pop', 'filmi', 'indian instrumental', 'modern bollywood', 'qawwali', 'sufi', 'tamil pop']"
4SPHfSWibeoFCSdR4vd5QL,I Hate Luv Storys (Original Motion Picture Soundtrack),Sony Music Entertainment India Pvt. Ltd.,61,5/25/2010,['6Mv8GjQa7LKUGCAqa9qqdb'],['Vishal-Shekhar'],"['classic pakistani pop', 'desi pop', 'filmi', 'modern bollywood', 'pakistani pop', 'qawwali', 'sufi']"
6FC95PYKFrO8UYhjCidPZ9,Anjaana Anjaani,T-Series,66,8/19/2010,['6Mv8GjQa7LKUGCAqa9qqdb'],['Vishal-Shekhar'],"['classic pakistani pop', 'desi pop', 'filmi', 'indian indie', 'modern bollywood', 'pakistani pop', 'qawwali', 'sufi']"
1cwJ5NhyjxijaWyJeUq2kp,Chance Pe Dance,T-Series,25,12/14/2009,"['0kJO65h553i1iGsZutBuqz', '3Ma3jCLuyYvZCELx5WQHCd', '26pzOWTzyWnB0lMZvuuahW']","['Adnan Sami', 'Sandeep Shirodkar', 'Ken Ghosh']","['desi pop', 'filmi', 'modern bollywood', 'sufi']"
6JzPRHDXP5soq9zjamRB3f,3 Idiots (Original Motion Picture Soundtrack),Zee Music Company,59,12/25/2009,['6hpDlOvqsnIxrPegGTWVY1'],['Shantanu Moitra'],"['classic bollywood', 'desi pop', 'filmi', 'modern bollywood', 'sufi']"
4u7WFjehsC5sUibLEOaqLf,Love Aaj Kal,Eros Music,62,2009,['1wRPtKGflJrBx9BmLsSwlU'],['Pritam'],"['bhangra', 'classic pakistani pop', 'desi hip hop', 'desi pop', 'filmi', 'modern bollywood', 'punjabi pop', 'qawwali', 'sufi']"
13t8iDyl1vkhPcO3Zl29a9,Ajab Prem Ki Ghazab Kahani (Original Motion Picture Soundtrack),Tips Industries Ltd,68,11/6/2009,['1wRPtKGflJrBx9BmLsSwlU'],['Pritam'],"['classic bollywood', 'classic pakistani pop', 'desi hip hop', 'desi pop', 'filmi', 'indian folk', 'indian instrumental', 'modern bollywood', 'sufi']"
7HrcUDgKJmvlOwMxeGVF1J,Wanted,T-Series,48,8/10/2009,['3qdu3XhzSzkRhbwdFKnSuw'],['Sajid-Wajid'],"['classic bollywood', 'desi pop', 'filmi', 'marathi pop', 'modern bollywood', 'sufi']"
1ntxc2fLSmC8ZuuxyFDONG,De Dana Dan (Original Motion Picture Soundtrack),Ishtar Music Pvt. Ltd.,50,11/2/2009,"['1wRPtKGflJrBx9BmLsSwlU', '5FUVk1yU9n4YWUf4dWBkxD', '6TqsGabe0T2mmwvLs5YmxA']","['Pritam', 'R.D.B.', 'Ad Boyz']","['bhangra', 'classic pakistani pop', 'desi hip hop', 'desi pop', 'filmi', 'indian edm', 'indian folk', 'indian instrumental', 'modern bollywood', 'qawwali', 'sufi']"
5k213XFFRiOfXQyCEEl9pW,Kambakkht Ishq,Eros Music,46,2009,['71hjb5G92mGoKRSAW3Cj00'],['Anu Malik'],"['bhangra', 'classic bollywood', 'desi pop', 'filmi', 'indian fusion', 'indian indie', 'modern bollywood', 'sufi', 'world fusion']"
2Bec9URBfEhyVjrDu6ZIaN,Chandni Chowk To China,T-Series,53,12/4/2008,['0LyfQWJT6nXafLPZqxe9Of'],['Various Artists'],"['classic bollywood', 'desi hip hop', 'desi pop', 'filmi', 'indian folk', 'modern bollywood', 'pakistani hip hop', 'punjabi hip hop', 'sufi']"
1qv61iBeeO95BnymDWUgWI,Kaminey,T-Series,50,7/6/2009,['1JdHoZwkwOmX2Pl2iTwnzc'],['Vishal Bhardwaj'],"['bhajan', 'classic bollywood', 'classic pakistani pop', 'desi pop', 'filmi', 'ghazal', 'indian folk', 'modern bollywood', 'pakistani pop', 'sufi']"
2anrMMWkbYCA14FKnzPKMm,All The Best,T-Series,28,9/5/2009,['1wRPtKGflJrBx9BmLsSwlU'],['Pritam'],"['classic bollywood', 'desi pop', 'filmi', 'indian instrumental', 'modern bollywood', 'sandalwood', 'sufi']"
45HaaeQWPzIHJDpvVdYXm8,Blue,T-Series,42,9/10/2009,['1mYsTxnqsietFxj1OgoGbG'],['A.R. Rahman'],"['australian dance', 'australian pop', 'chutney', 'classic bollywood', 'dance pop', 'desi pop', 'electropop', 'eurodance', 'europop', 'filmi', 'modern bollywood', 'new wave pop', 'pop', 'sufi']"
1bakFVqPdxrSCSZI2HUGhJ,Ghajini,T-Series,60,11/25/2008,['1mYsTxnqsietFxj1OgoGbG'],['A.R. Rahman'],"['desi pop', 'filmi', 'modern bollywood', 'sufi', 'tamil pop']"
7pbKuvQHUTwbq4FbevvEca,Rab Ne Bana Di Jodi (Original),YRF Music,66,11/6/2008,['6ohaQzKaXrobAL8paLSaxq'],['Salim–Sulaiman'],"['classic bollywood', 'desi hip hop', 'desi pop', 'filmi', 'indian folk', 'modern bollywood', 'sufi']"
5enfyfBecmzyEg1tYk6L6U,Singh Is Kinng,Times Music,52,6/30/2008,['1wRPtKGflJrBx9BmLsSwlU'],['Pritam'],"['bhangra', 'classic pakistani pop', 'desi hip hop', 'desi pop', 'filmi', 'indian instrumental', 'modern bollywood', 'qawwali', 'sufi']"
60Omt7taTKwehAq1gETKCW,Jodhaa Akbar (Original Motion Picture Soundtrack),UTV,64,12/31/2007,['1mYsTxnqsietFxj1OgoGbG'],['A.R. Rahman'],"['desi pop', 'filmi', 'modern bollywood', 'sufi']"
5ZA52EwvGmwTQvHaLujhry,Race (Original Motion Picture Soundtrack),Tips Industries Ltd,60,3/21/2008,['1wRPtKGflJrBx9BmLsSwlU'],['Pritam'],"['classic pakistani pop', 'desi pop', 'filmi', 'indian edm', 'indian instrumental', 'modern bollywood', 'sufi', 'uk dancehall']"
06Raj1ZnXjsR3g3HvpfV3J,Golmaal Returns,T-Series,41,9/24/2008,"['1wRPtKGflJrBx9BmLsSwlU', '6Mv8GjQa7LKUGCAqa9qqdb']","['Pritam', 'Vishal-Shekhar']","['desi pop', 'filmi', 'indian instrumental', 'modern bollywood', 'sufi']"
4MzefJUmigFTnjful2wuum,Dostana (Original Motion Picture Soundtrack),Sony Music Entertainment India Pvt. Ltd.,58,10/8/2008,['6Mv8GjQa7LKUGCAqa9qqdb'],['Vishal-Shekhar'],"['classic pakistani pop', 'desi pop', 'filmi', 'modern bollywood', 'pakistani pop', 'rajasthani pop', 'sufi']"
4mFLdK8SkUo3cx8ERLQC92,Bachna Ae Haseeno,YRF Music,62,7/5/2008,['6Mv8GjQa7LKUGCAqa9qqdb'],['Vishal-Shekhar'],"['classic bollywood', 'desi hip hop', 'desi pop', 'filmi', 'indian indie', 'modern bollywood', 'pakistani pop', 'rajasthani pop', 'sufi']"
7l7PkcTjpY86Iwm0xpuZ1i,Bhoothnath,T-Series,32,4/8/2008,"['6Mv8GjQa7LKUGCAqa9qqdb', '6ohaQzKaXrobAL8paLSaxq']","['Vishal-Shekhar', 'Salim–Sulaiman']","['classic bollywood', 'desi pop', 'filmi', 'ghazal', 'indian folk', 'modern bollywood', 'sufi', 'tamil pop']"
6et8wiQmKuwFUCHWUDGaE0,Sarkar Raj,T-Series,23,6/2/2008,['2kEyCJkvBF1gpeY6EuvIIe'],['Bapi-Tutul'],"['classic bollywood', 'desi pop', 'filmi', 'gujarati garba', 'indian folk', 'modern bollywood', 'sufi']"
2cUzlmLfL5LUTSEk7qG09k,Om Shanti Om,T-Series,67,9/18/2007,['6Mv8GjQa7LKUGCAqa9qqdb'],['Vishal-Shekhar'],"['chutney', 'classic bollywood', 'classic pakistani pop', 'desi pop', 'filmi', 'modern bollywood', 'odia pop', 'qawwali', 'sufi', 'taraneem']"
34SE86n8INwLrMts8z1SaT,Welcome,Times Music,49,11/21/2007,['3qdu3XhzSzkRhbwdFKnSuw'],['Sajid-Wajid'],"['desi pop', 'filmi', 'modern bollywood', 'sufi', 'telugu devotional', 'vintage broadway']"
5KXiMrupdPZf2sR6WrZTvh,Chak De India,YRF Music,53,8/1/2007,['6ohaQzKaXrobAL8paLSaxq'],['Salim–Sulaiman'],"['classic bollywood', 'desi pop', 'filmi', 'indian folk', 'modern bollywood', 'sufi', 'telugu devotional']"
3krigkIAxyZMBcxYfE0jlE,Taare Zameen Par,T-Series,55,11/5/2007,['0L5GV6LN8SWWUWIdBbTLTZ'],['Shankar-Ehsaan-Loy'],"['classic bollywood', 'classic pakistani pop', 'desi pop', 'filmi', 'modern bollywood', 'sufi']"
6UDyVUOga0s9Pu9qvZ5HKJ,Partner,T-Series,54,6/12/2007,['3qdu3XhzSzkRhbwdFKnSuw'],['Sajid-Wajid'],"['chutney', 'classic bollywood', 'desi pop', 'filmi', 'modern bollywood', 'sufi']"
6wmAbHvVXPP8IABlogT5Sz,Heyy Babyy,T-Series,47,7/17/2007,['0L5GV6LN8SWWUWIdBbTLTZ'],['Shankar-Ehsaan-Loy'],"['desi pop', 'filmi', 'garage psych', 'modern bollywood', 'sufi']"
6kWI9GDPhMhaGNo80Q1XT5,Guru (Original Motion Picture Soundtrack),Sony Music Entertainment India Pvt. Ltd.,60,9/11/2006,['1mYsTxnqsietFxj1OgoGbG'],['A.R. Rahman'],"['chutney', 'classic bollywood', 'desi pop', 'filmi', 'ghazal', 'marathi pop', 'modern bollywood', 'sufi', 'tamil pop']"
4BKbiFqwZBaBG6MeDdkwID,Bhool Bhulaiyaa,T-Series,54,9/5/2007,['1wRPtKGflJrBx9BmLsSwlU'],['Pritam'],"['desi pop', 'filmi', 'indian instrumental', 'modern bollywood', 'mollywood', 'sufi']"
5oesmtW9NDu7CMZheh37rm,Namastey London,Eros Music,54,2007,['0sSxphmGskGCKlwB9xa6WU'],['Himesh Reshammiya'],"['assamese pop', 'bhangra', 'classic bollywood', 'classic pakistani pop', 'desi pop', 'filmi', 'modern bollywood', 'qawwali', 'sufi', 'telugu devotional']"
2xbc8WAYWrPOxeULhS70vs,Ta Ra Rum Pum,YRF Music,52,4/3/2007,['6Mv8GjQa7LKUGCAqa9qqdb'],['Vishal-Shekhar'],"['classic bollywood', 'desi pop', 'filmi', 'modern bollywood', 'sufi']"
2AYTX7A8GfZrlVwRTdt3QZ,Salaam-E-Ishq,T-Series,57,7/12/2007,['0L5GV6LN8SWWUWIdBbTLTZ'],['Shankar-Ehsaan-Loy'],"['classic bollywood', 'classic pakistani pop', 'desi pop', 'filmi', 'indian folk', 'modern bollywood', 'sufi', 'tamil pop']"
4OYdTHNgjhXzgVjbqsb0tO,Jab We Met,T-Series,68,9/21/2007,"['1wRPtKGflJrBx9BmLsSwlU', '6AwwLwgIsTIXZ8kHWaZUj5']","['Pritam', 'Sandesh Shandilya']","['desi hip hop', 'desi pop', 'filmi', 'ghazal', 'hindustani classical', 'hindustani instrumental', 'hindustani vocal', 'indian classical', 'indian instrumental', 'khayal', 'modern bollywood', 'sufi']"
3UVShsbsHHCVunUeoKT46E,Dhoom:2,YRF Music,54,10/19/2006,['1wRPtKGflJrBx9BmLsSwlU'],['Pritam'],"['bhangra', 'classic bollywood', 'desi pop', 'filmi', 'indian instrumental', 'modern bollywood', 'sufi']"
4hYTERVUXY74XJdm8tyXBV,Kabhi Alvida Naa Kehna (Original Motion Picture Soundtrack),Sony Music Entertainment India Pvt. Ltd.,63,6/8/2006,['0L5GV6LN8SWWUWIdBbTLTZ'],['Shankar-Ehsaan-Loy'],"['classic bollywood', 'classic pakistani pop', 'desi pop', 'filmi', 'modern bollywood', 'pakistani pop', 'sufi']"
2OzgNbqFCtDThxVwuYuygs,Krrish,T-Series,52,4/28/2006,['5c3Qxc5sTis0Oq3XcOdIJD'],['Rajesh Roshan'],"['chutney', 'classic bollywood', 'desi pop', 'filmi', 'modern bollywood', 'pakistani pop', 'sufi']"
0b3TYE2gQ9TZkSS6vqnaj2,Lage Raho Munna Bhai,T-Series,48,7/24/2006,['6hpDlOvqsnIxrPegGTWVY1'],['Shantanu Moitra'],"['classic bollywood', 'desi pop', 'filmi', 'modern bollywood', 'sufi', 'telugu indie', 'tollywood']"
6TeyEvfuNNKYhRZpJt9BZm,Don,T-Series,47,8/31/2006,"['6DmKvvaXUkECvkUozzpuQb', '2TtFAgogwuEBvXe7DecRzq', '6MRzB5b9YzkH4u301606hl']","['Shankar', 'Ehsaan', 'Loy']","['carnatic instrumental', 'classic bollywood', 'desi pop', 'ecm-style jazz', 'filmi', 'hindi indie', 'indian classical', 'indian electronic', 'indian fusion', 'indian indie', 'indian instrumental', 'indian jazz', 'indian rock', 'indian violin', 'modern bollywood', 'new delhi indie', 'sufi', 'world fusion']"
2L3NV5Fxjrj6mi59Gs5tUx,Fanaa,YRF Music,65,4/12/2006,['4YgUVg4p7xtMOrOS4GjiJZ'],['Jatin-Lalit'],"['afghan pop', 'chutney', 'classic bollywood', 'desi pop', 'filmi', 'ghazal', 'indian folk', 'modern bollywood', 'sufi']"
0NKNDn80mhKn4Xi6nHrsqQ,Rang De Basanti (Original Motion Picture Soundtrack),Sony Music Entertainment India Pvt. Ltd.,60,12/4/2005,['1mYsTxnqsietFxj1OgoGbG'],['A.R. Rahman'],"['bhangra', 'classic bollywood', 'desi pop', 'filmi', 'modern bollywood', 'sufi', 'tamil pop']"
7qMgUW32KWNW3nx6LOrB24,Phir Hera Pheri,T-Series,47,5/13/2006,['0sSxphmGskGCKlwB9xa6WU'],['Himesh Reshammiya'],"['desi pop', 'filmi', 'modern bollywood', 'sufi']"
58rubSdHnjUEtVH0tAdME9,Bhagam Bhag,T-Series,36,11/18/2006,['1wRPtKGflJrBx9BmLsSwlU'],['Pritam'],"['desi pop', 'filmi', 'indian instrumental', 'modern bollywood', 'sufi']"
0ZCPsft3x5PTgDIIy7WYz9,Vivah (Original Motion Picture Soundtrack),Rajshri Music,48,2006,['0y633xrd3L3rSxpZ4awgnG'],['Ravindra Jain'],"['bhajan', 'chutney', 'classic bollywood', 'desi pop', 'filmi', 'ghazal', 'gujarati garba', 'jain bhajan', 'modern bollywood', 'odia pop', 'sufi']"
5aUxoLhNeMrP9ayXVCB62K,No Entry (Original Motion Picture Soundtrack),Tips Industries Ltd,33,8/26/2005,['71hjb5G92mGoKRSAW3Cj00'],['Anu Malik'],"['chutney', 'classic bollywood', 'desi pop', 'filmi', 'modern bollywood', 'odia pop', 'sufi']"
5qO12aRQP26eh6XeplVIC9,Bunty Aur Babli,YRF Music,52,4/15/2005,['0L5GV6LN8SWWUWIdBbTLTZ'],['Shankar-Ehsaan-Loy'],"['carnatic instrumental', 'chutney', 'classic bollywood', 'desi pop', 'ecm-style jazz', 'filmi', 'ghazal', 'indian classical', 'indian instrumental', 'indian jazz', 'indian violin', 'modern bollywood', 'sufi']"
2IENY924rGfG14TIQIdZFr,Salaam Namaste,YRF Music,56,8/3/2005,['6Mv8GjQa7LKUGCAqa9qqdb'],['Vishal-Shekhar'],"['desi pop', 'filmi', 'modern bollywood', 'sufi']"
4HaPtlICUuRXPUNoQ9m1lq,Garam Masala (Original Motion Picture Soundtrack),Ishtar Music Pvt. Ltd.,43,9/15/2005,['1wRPtKGflJrBx9BmLsSwlU'],['Pritam'],"['chutney', 'classic bollywood', 'classic pakistani pop', 'desi pop', 'filmi', 'modern bollywood', 'sufi']"
3kJ5S9dCA7eLvFxeY08Ofe,Mangal Pandey: The Rising,Eros Music,24,2005,['1mYsTxnqsietFxj1OgoGbG'],['A.R. Rahman'],"['bengali folk', 'chutney', 'classic bollywood', 'desi pop', 'filmi', 'indian folk', 'marathi pop', 'modern bollywood', 'mollywood', 'sufi', 'tamil pop']"
6nyWgwT9ZHj85XYpLtrIs9,Maine Pyaar Kyun Kiya,T-Series,45,5/24/2005,['0sSxphmGskGCKlwB9xa6WU'],['Himesh Reshammiya'],"['chutney', 'classic bollywood', 'desi pop', 'filmi', 'ghazal', 'modern bollywood', 'sufi']"
1Lc3GqjgljnR0isKfwsdM0,Waqt- The Race Against Time,T-Series,28,2/22/2005,['71hjb5G92mGoKRSAW3Cj00'],['Anu Malik'],"['chutney', 'classic bollywood', 'classic pakistani pop', 'desi pop', 'filmi', 'indian folk', 'modern bollywood', 'sufi']"
76PYEOSzvNReBxU8JoxDZ0,Black,YRF Music,13,2/10/2005,['1eyehG6qD18prgtCvvbDnc'],['Monty'],['filmi']
1tLctlYRSwCTWlZD8hDHJq,Sarkar,T-Series,28,6/27/2005,"['2kEyCJkvBF1gpeY6EuvIIe', '0li1h83aWiOl4kV7tKWJvc']","['Bapi-Tutul', 'Prasanna Shekhar']","['classic bangla pop', 'classic bollywood', 'classic persian pop', 'desi pop', 'filmi', 'ghazal', 'indian folk', 'modern bollywood', 'sufi', 'telugu devotional']"
2ZMv24PkdTVTdFBCtSMJiX,Dus,T-Series,48,5/30/2005,"['6Mv8GjQa7LKUGCAqa9qqdb', '1X7aCrgXIs86FS1qgRTAQC']","['Vishal-Shekhar', 'Ranjit']","['chutney', 'classic bollywood', 'desi pop', 'filmi', 'ghazal', 'modern bollywood', 'sufi', 'tamil pop', 'telugu devotional']"
690w3h4czL3x3W3zIgEcB6,Veer - Zaara,YRF Music,62,9/18/2004,['5Uvn1P3OFu268QovsUAnDu'],['Madan Mohan'],"['chutney', 'classic bollywood', 'desi pop', 'filmi', 'ghazal', 'indian instrumental', 'modern bollywood', 'sufi']"
2QyR1r0XwtvljXEZs9I3ge,Main Hoon Na,T-Series,62,2/27/2004,['71hjb5G92mGoKRSAW3Cj00'],['Anu Malik'],"['classic bollywood', 'desi pop', 'filmi', 'modern bollywood', 'odia pop', 'pakistani folk', 'sufi']"
6Z49LnmV2rjlk9sDVFgPHT,Dhoom,YRF Music,50,7/16/2004,['1wRPtKGflJrBx9BmLsSwlU'],['Pritam'],"['classic bollywood', 'classic thai pop', 'desi pop', 'filmi', 'indian instrumental', 'modern bollywood', 'odia pop', 'sufi', 'thai pop']"
6xnBt0xD884H3yCTBwDy7M,Mujhse Shaadi Karogi,T-Series,8,8/20/2015,"['0hlp615DvIIy7XvUpbmuMi', '2M8ZZEQdxPXHTee5xxkC3M', '6QvSTht1Q8c4Q1h5ORLt2m']","['Shaurin Bhatt', 'Khushboo Jain', 'Saurabh Bawa']",['bhojpuri pop']
7DpDPOTbYwL2HNVZ9RuA7x,Khakee,T-Series,51,10/17/2003,['3PpjqSKBer3obW6lDflOBx'],['Ram Sampath'],"['chutney', 'classic bollywood', 'desi pop', 'filmi', 'indian folk', 'modern bollywood', 'sufi']"
7aybARUBUG9LqNWvJYpNAf,Hum Tum,YRF Music,53,4/9/2002,['4YgUVg4p7xtMOrOS4GjiJZ'],['Jatin-Lalit'],"['afghan pop', 'chutney', 'classic bollywood', 'desi pop', 'filmi', 'ghazal', 'modern bollywood', 'sufi', 'tamil pop']"
72oHSx1OrxR0gig6JcVAEW,Swades,T-Series,52,9/24/2004,['1mYsTxnqsietFxj1OgoGbG'],['A.R. Rahman'],"['chutney', 'classic bollywood', 'desi pop', 'filmi', 'ghazal', 'indian folk', 'indian instrumental', 'modern bollywood', 'sufi', 'tamil pop']"
0zbHtkLhsqvsleYs5JFWu4,Murder,Saregama,54,1/31/2004,['0LyfQWJT6nXafLPZqxe9Of'],['Various Artists'],"['bhajan', 'classic bollywood', 'classic pakistani pop', 'desi pop', 'filmi', 'ghazal', 'modern bollywood', 'sufi']"
5SKYHjiYe0v2m0sNuBPQDs,Hulchul (Original Motion Picture Soundtrack),Ishtar Music Pvt. Ltd.,28,10/21/2004,['5TB837uKG65w8Jnz5D0bS5'],['Vidyasagar'],"['chutney', 'classic bollywood', 'desi pop', 'filmi', 'ghazal', 'malayalam pop', 'modern bollywood', 'sufi', 'tamil pop']"
7AQ58uAJFHBFcwoNA4PnZ7,Aitraaz (Original Motion Picture Soundtrack),Tips Industries Ltd,47,11/12/2004,['0sSxphmGskGCKlwB9xa6WU'],['Himesh Reshammiya'],"['chutney', 'classic bollywood', 'classic pakistani pop', 'desi pop', 'filmi', 'modern bollywood', 'sufi']"
6H71erprmvRxnWs3XqC8uE,Kal Ho Naa Ho (Original Motion Picture Soundtrack),Sony Music Entertainment India Pvt. Ltd.,65,9/20/2003,['0L5GV6LN8SWWUWIdBbTLTZ'],['Shankar-Ehsaan-Loy'],"['chutney', 'classic bollywood', 'desi pop', 'filmi', 'modern bollywood', 'sufi', 'tamil pop']"
5BlXGFX3wluU8qycnD36KD,Chalte Chalte,T-Series,55,5/3/2003,"['4YgUVg4p7xtMOrOS4GjiJZ', '4tma2wxDchrifG8Pflic4Q']","['Jatin-Lalit', 'Aadesh Shrivastava']","['afghan pop', 'chutney', 'classic bollywood', 'desi pop', 'filmi', 'modern bollywood', 'odia pop', 'sufi']"
6utlWwaPOT6xIaeLOGr9XC,Baghban,T-Series,44,8/23/2003,['4tma2wxDchrifG8Pflic4Q'],['Aadesh Shrivastava'],"['chutney', 'classic bollywood', 'desi pop', 'filmi', 'ghazal', 'modern bollywood', 'sufi']"
12Qb6lCglQjhh84nhYMX5r,Main Prem Ki Diwani Hoon (Original Motion Picture Soundtrack),Rajshri Music,42,2003,['71hjb5G92mGoKRSAW3Cj00'],['Anu Malik'],"['desi pop', 'filmi', 'modern bollywood', 'sufi']"
6Pg0GtMCJ4mwaUB0r4U8GA,Munnabhai MBBS,Universal Music India Pvt Ltd.,39,1/1/2003,['0LyfQWJT6nXafLPZqxe9Of'],['Various Artists'],"['classic bollywood', 'desi pop', 'filmi', 'modern bollywood', 'sufi']"
5i4hadhKfr3eVH34CGOHwy,L.O.C. Kargil,Saregama,29,12/12/2003,"['71hjb5G92mGoKRSAW3Cj00', '3UpmjPgIFSGqnxXuiwD014']","['Anu Malik', 'Javed Akhtar']","['chutney', 'classic bollywood', 'desi pop', 'filmi', 'ghazal', 'modern bollywood', 'sufi', 'tamil pop']"
3h9QaYDUMfteU76dP5m8FH,Qayamat (Original Motion Picture Soundtrack),Ishtar Music Pvt. Ltd.,40,6/21/2003,['0xHXoShMJw3xDArjL8IHtt'],['Nadeem Shravan'],"['classic bollywood', 'desi pop', 'filmi', 'modern bollywood', 'odia pop', 'sufi', 'tamil pop']"
5LQwSf3fgtxayGrZXwvB6W,Dil Ka Rishta (Original Motion Picture Soundtrack),Tips Industries Ltd,47,1/17/2003,['0xHXoShMJw3xDArjL8IHtt'],['Nadeem Shravan'],"['bhajan', 'chutney', 'classic bollywood', 'desi pop', 'filmi', 'ghazal', 'modern bollywood', 'odia pop', 'sufi']"
6L8fWhmiQD3S2ooahCSu1g,Hungama (Original Motion Picture Soundtrack),Ishtar Music Pvt. Ltd.,37,5/22/2003,['0xHXoShMJw3xDArjL8IHtt'],['Nadeem Shravan'],"['chutney', 'classic bollywood', 'desi pop', 'filmi', 'ghazal', 'modern bollywood', 'odia pop', 'sufi', 'tamil pop']"
2gPnhLuYlyfndLPu9csWrx,Ishq Vishk (Original Motion Picture Soundtrack),Tips Industries Ltd,37,5/9/2003,['71hjb5G92mGoKRSAW3Cj00'],['Anu Malik'],"['chutney', 'classic bollywood', 'desi pop', 'filmi', 'modern bollywood', 'odia pop', 'sufi']"
20wjfxvYjpDSjNNHKhZNov,Devdas,Universal Music India Pvt Ltd.,50,1/1/2002,['0LyfQWJT6nXafLPZqxe9Of'],['Various Artists'],"['chutney', 'classic bollywood', 'desi pop', 'filmi', 'hindustani vocal', 'modern bollywood', 'sufi']"
0xH5BDNp1Yoxzbxy3wO20n,Kaante,T-Series,42,6/28/2002,"['5ixQ5hSywFLUaxoaA0uVaH', '6Mv8GjQa7LKUGCAqa9qqdb']","['Anand Raj Anand', 'Vishal-Shekhar']","['assamese pop', 'chutney', 'classic bollywood', 'desi pop', 'filmi', 'indian indie', 'modern bollywood', 'odia pop', 'sufi']"
4Q5dbM6TBcyzO05kUx2jJ3,Raaz (Original Motion Picture Soundtrack),Tips Industries Ltd,53,2/1/2002,['0xHXoShMJw3xDArjL8IHtt'],['Nadeem Shravan'],"['chutney', 'classic bollywood', 'desi pop', 'filmi', 'modern bollywood', 'odia pop', 'sufi']"
5RhlSebGZnsVxne4B1kEM3,Hum Tumhare Hain Sanam,T-Series,44,1/19/2002,['0LyfQWJT6nXafLPZqxe9Of'],['Various Artists'],"['bhajan', 'chutney', 'classic bollywood', 'desi pop', 'filmi', 'ghazal', 'modern bollywood', 'odia pop', 'sufi']"
242U0UKhj69nZv23Qe9URj,Aankhen,Universal Music India Pvt Ltd.,26,1/1/2001,['0LyfQWJT6nXafLPZqxe9Of'],['Various Artists'],"['chutney', 'classic bollywood', 'desi pop', 'filmi', 'ghazal', 'modern bollywood', 'sufi']"
1VesTRIpHfgTwcGxMmnfTg,Mujhse Dosti Karoge,YRF Music,50,6/12/2002,['5ZRnATnlLVqoLQiLIa3lEB'],"['Lata Mangeshkar,Udit Narayan']","['chutney', 'classic bollywood', 'desi pop', 'filmi', 'hammered dulcimer', 'indian fusion', 'modern bollywood', 'sufi']"
3JGFP3VtXnu1Ew35uYnBjX,Humraaz (Original Motion Picture Soundtrack),Ishtar Music Pvt. Ltd.,39,5/6/2002,['0sSxphmGskGCKlwB9xa6WU'],['Himesh Reshammiya'],"['chutney', 'classic bollywood', 'desi pop', 'filmi', 'modern bollywood', 'odia pop', 'sufi']"
6BJPcgCN37gDKtPh7gmJ3p,Saathiya,YRF Music,57,10/18/2002,['1mYsTxnqsietFxj1OgoGbG'],['A.R. Rahman'],"['chutney', 'classic bollywood', 'classic pakistani pop', 'desi pop', 'filmi', 'ghazal', 'modern bollywood', 'sufi', 'tamil pop']"
4cRLog7jF8Goy4NMOjovZH,Awara Paagal Deewana,Saregama,19,6/21/2002,"['71hjb5G92mGoKRSAW3Cj00', '7rqiodJzcaQAk4VqQDV70N', '77FVRdtArPbwxygmW5dTsa']","['Anu Malik', 'AKBAR SAMI', 'Sameer']","['bhajan', 'chutney', 'classic bollywood', 'classic pakistani pop', 'desi pop', 'filmi', 'ghazal', 'modern bollywood', 'odia pop', 'sufi']"
7dFeVFvKr1GJE0dYlF7dVw,Company,T-Series,29,2/15/2002,['4eqUmWQwI1nm86edvyGsXy'],['Sandeep Chowta'],"['bhajan', 'chutney', 'classic bollywood', 'desi pop', 'filmi', 'ghazal', 'modern bollywood', 'sufi']"
1Xl7nyACfAYKNzDWI0K2Rr,Deewangee,T-Series,20,9/14/2002,['3r4HOyyBpGvNIyajw3mcER'],['Ismail Darbar'],"['chutney', 'classic bollywood', 'desi pop', 'filmi', 'ghazal', 'modern bollywood', 'sufi']"
5lExQTV6ELzqRgwsqahZoh,Kabhi Khushi Kabhie Gham (Original Motion Picture Soundtrack),Sony Music Entertainment India Pvt. Ltd.,65,11/28/2001,['4YgUVg4p7xtMOrOS4GjiJZ'],['Jatin-Lalit'],"['afghan pop', 'chutney', 'classic bollywood', 'desi pop', 'filmi', 'ghazal', 'modern bollywood', 'sufi']"
7xLFTkJL4P2QKEpRuYFfap,Gadar Ek Prem Katha,Zee Music Company,48,6/15/2001,['0AWYFpUfZxzxKUgN5k0GrQ'],['Uttam Singh'],"['chutney', 'classic bollywood', 'desi pop', 'filmi', 'hindustani classical', 'hindustani vocal', 'indian classical', 'khayal', 'modern bollywood', 'sufi']"
1emmJiAJRnSYETup4o1UsM,Lagaan (Original Motion Picture Soundtrack),Sony Music Entertainment India Pvt. Ltd.,56,4/3/2001,['1mYsTxnqsietFxj1OgoGbG'],['A.R. Rahman'],"['chutney', 'classic bollywood', 'desi pop', 'filmi', 'marathi pop', 'modern bollywood', 'mollywood', 'sufi', 'tamil pop']"
3Hks2UVvtQT8Q9VHRAJUgI,Dil Chahta Hai,T-Series,62,6/22/2001,"['0L5GV6LN8SWWUWIdBbTLTZ', '4SeAXyEmckKjoQoweI9fiT']","['Shankar-Ehsaan-Loy', 'Mike Harvey']","['chutney', 'classic bollywood', 'desi pop', 'filmi', 'modern bollywood', 'mollywood', 'sufi', 'tamil pop']"
5LYg3QafSjZStnknU2BNTv,Indian,Universal Music India Pvt Ltd.,22,1/1/2001,['0LyfQWJT6nXafLPZqxe9Of'],['Various Artists'],"['chutney', 'classic bollywood', 'desi pop', 'filmi', 'modern bollywood', 'odia pop', 'sufi', 'tamil pop']"
1zV2FaaGWqtQtsZgiW6Nv5,Chori Chori Chupke Chupke,Universal Music India Pvt Ltd.,45,1/1/2000,['0LyfQWJT6nXafLPZqxe9Of'],['Various Artists'],"['chutney', 'classic bollywood', 'desi pop', 'filmi', 'ghazal', 'modern bollywood', 'sufi']"
7wNb8ToivBb7ik9ElbxFC4,Ek Rishtaa (Original Motion Picture Soundtrack),Tips Industries Ltd,40,5/18/2001,['0xHXoShMJw3xDArjL8IHtt'],['Nadeem Shravan'],"['bhajan', 'chutney', 'classic bollywood', 'desi pop', 'filmi', 'ghazal', 'modern bollywood', 'odia pop', 'sufi']"
25rtBMXrpMoTAVHBDhBTMk,Yaadein (Original Motion Picture Soundtrack),Tips Industries Ltd,43,6/27/2001,['71hjb5G92mGoKRSAW3Cj00'],['Anu Malik'],"['chutney', 'classic bollywood', 'desi pop', 'filmi', 'ghazal', 'modern bollywood', 'sufi', 'tamil pop']"
4wuB00Hc6MaDJSc6QwzQ7n,Lajja (Original Motion Picture Soundtrack),Universal Music India Pvt Ltd.,38,1/25/2021,['71hjb5G92mGoKRSAW3Cj00'],['Anu Malik'],"['bhajan', 'classic bollywood', 'desi pop', 'filmi', 'ghazal', 'hindustani classical', 'modern bollywood', 'sufi', 'tamil pop']"
7gsa0JHdKvD3YaKSCwbgva,Jodi No.1,T-Series,30,2/26/2001,"['0sSxphmGskGCKlwB9xa6WU', '5ixQ5hSywFLUaxoaA0uVaH']","['Himesh Reshammiya', 'Anand Raj Anand']","['bhangra', 'classic bollywood', 'classic pakistani pop', 'desi pop', 'filmi', 'modern bollywood', 'odia pop', 'sufi']"
2HeqbIcBcggDsgNCHcGN1h,Mohabbatein,YRF Music,59,8/27/2000,['4YgUVg4p7xtMOrOS4GjiJZ'],['Jatin-Lalit'],"['afghan pop', 'chutney', 'classic bollywood', 'desi pop', 'filmi', 'modern bollywood', 'sufi']"
114GBlvfAQBvbXt6KH3NKO,Kaho Naa Pyar Hai,Saregama,57,1/14/2000,['0LyfQWJT6nXafLPZqxe9Of'],['Various Artists'],"['chutney', 'classic bollywood', 'desi pop', 'filmi', 'ghazal', 'indian indie', 'modern bollywood', 'odia pop', 'sufi']"
2LUvOogY4Oeawid4gAApUY,Mission Kashmir (Original Motion Picture Soundtrack),Tips Industries Ltd,43,10/27/2000,['0L5GV6LN8SWWUWIdBbTLTZ'],['Shankar-Ehsaan-Loy'],"['bhajan', 'chutney', 'classic bollywood', 'desi pop', 'filmi', 'ghazal', 'modern bollywood', 'sufi']"
0yqgWYAmA0xelcrd7ujhvd,Dulhan Hum Le Jayenge (Original Motion Picture Soundtrack),Tips Industries Ltd,44,1/15/2000,['0sSxphmGskGCKlwB9xa6WU'],['Himesh Reshammiya'],"['bhajan', 'classic bollywood', 'desi pop', 'filmi', 'ghazal', 'modern bollywood', 'odia pop', 'sufi']"
0G3YrZ6owk4s53XQohLfEV,Refugee,Saregama,40,6/30/2000,"['71hjb5G92mGoKRSAW3Cj00', '3UpmjPgIFSGqnxXuiwD014']","['Anu Malik', 'Javed Akhtar']","['chutney', 'classic bollywood', 'desi pop', 'filmi', 'modern bollywood', 'sufi']"
26tEuVzIVjvVn12w07hqIm,Josh (Original Motion Picture Soundtrack),Ishtar Music Pvt. Ltd.,50,4/15/2000,['71hjb5G92mGoKRSAW3Cj00'],['Anu Malik'],"['chutney', 'classic bollywood', 'desi pop', 'filmi', 'modern bollywood', 'odia pop', 'sufi', 'tamil pop']"
2kEMLvqsDZMwWBwk0TwgZ4,Har Dil Jo Pyar Karega,T-Series,47,6/9/2000,['71hjb5G92mGoKRSAW3Cj00'],['Anu Malik'],"['chutney', 'classic bollywood', 'desi pop', 'filmi', 'modern bollywood', 'sufi']"
70pmpUOtbnOc5YtuH20ehU,Fiza (Original Motion Picture Soundtrack),Tips Industries Ltd,41,9/8/2000,"['71hjb5G92mGoKRSAW3Cj00', '1mYsTxnqsietFxj1OgoGbG', '6FdB2vcrRmzkEM8mDOEEZa']","['Anu Malik', 'A.R. Rahman', 'Ranjit Barot']","['assamese pop', 'chutney', 'classic bollywood', 'desi pop', 'filmi', 'modern bollywood', 'mollywood', 'sufi', 'tamil pop']"
37hgK9Ccp5PSiS5H18Rn9G,Hamara Dil Aapke Paas Hai (Original Motion Picture Soundtrack),Tips Industries Ltd,34,8/25/2000,['6jMkDTgOniC7meOiAFMHrx'],['Sanjeev Darshan'],"['chutney', 'classic bollywood', 'desi pop', 'filmi', 'modern bollywood', 'odia pop', 'sufi']"
3fP94oJh2aZzegj1DZtfUv,Dhadkan (Original Motion Picture Soundtrack),Ishtar Music Pvt. Ltd.,52,7/2/2000,['0xHXoShMJw3xDArjL8IHtt'],['Nadeem Shravan'],"['chutney', 'classic bollywood', 'desi pop', 'filmi', 'indian fusion', 'modern bollywood', 'odia pop', 'pakistani folk', 'qawwali', 'sufi', 'world']"
0V8O6S0S6mYdyPch6DdW8g,Hum Saath - Saath Hain (Original Motion Picture Soundtrack),Rajshri Music,48,1999,['6EhRImUipzdTnWRsLIR7f1'],['Ram Laxman'],"['bhajan', 'chutney', 'classic bollywood', 'desi pop', 'filmi', 'ghazal', 'modern bollywood', 'sufi', 'tamil pop']"
06XvUvHNpDxjuQVutLkxAS,Biwi No. 1 (Original Motion Picture Soundtrack),Tips Industries Ltd,48,5/28/1999,"['71hjb5G92mGoKRSAW3Cj00', '19MVxKZZdPj2X0F8pi0OCT']","['Anu Malik', 'Sukhwinder Singh']","['chutney', 'classic bollywood', 'desi pop', 'filmi', 'modern bollywood', 'sufi', 'tamil pop']"
1QUfdAyckA0M14z0kpOBts,Hum Dil De Chuke Sanam,T-Series,59,4/30/1999,['3r4HOyyBpGvNIyajw3mcER'],['Ismail Darbar'],"['baps', 'chutney', 'classic bollywood', 'desi pop', 'filmi', 'ghazal', 'gujarati garba', 'hindustani classical', 'hindustani instrumental', 'indian classical', 'modern bollywood', 'sufi', 'tamil pop']"
55kjppMnPs20DEKXN7jaSF,Sarfarosh (Original Motion Picture Soundtrack),Tips Industries Ltd,51,4/30/1999,['4YgUVg4p7xtMOrOS4GjiJZ'],['Jatin-Lalit'],"['afghan pop', 'chutney', 'classic bollywood', 'desi pop', 'filmi', 'ghazal', 'modern bollywood', 'sufi']"
5YUaynvscprJUgZmKkjmFQ,Haseena Maan Jaayegi (Original Motion Picture Soundtrack),Tips Industries Ltd,29,6/25/1999,['71hjb5G92mGoKRSAW3Cj00'],['Anu Malik'],"['bhajan', 'classic bollywood', 'desi pop', 'filmi', 'modern bollywood', 'sufi']"
2TKMW4lJMd4PKov8FzeQDH,Daag The Fire,T-Series,33,12/30/1998,"['5c3Qxc5sTis0Oq3XcOdIJD', '2EXPnTIiQNYJHP91jyhoXT']","['Rajesh Roshan', 'Nirmal Singh']","['bhajan', 'chutney', 'classic bollywood', 'desi pop', 'filmi', 'ghazal', 'modern bollywood', 'sufi']"
5azijOVV2Y2vxO03Ry6SIs,Khoobsurat,T-Series,37,10/12/1999,['4YgUVg4p7xtMOrOS4GjiJZ'],['Jatin-Lalit'],"['bhajan', 'classic bollywood', 'desi pop', 'filmi', 'ghazal', 'kashmiri pop', 'modern bollywood', 'sufi']"
3bqIzWWbArrjJ963HKeZcd,Taal (Original Motion Picture Soundtrack),Tips Industries Ltd,59,8/13/1999,['1mYsTxnqsietFxj1OgoGbG'],['A.R. Rahman'],"['chutney', 'classic bollywood', 'desi pop', 'filmi', 'ghazal', 'malayalam pop', 'modern bollywood', 'sufi', 'tamil pop']"
0ZC15ASM2GUrvupE1eJRhp,Hum Aapke Dil Mein Rahte Hain,T-Series,35,12/21/1998,['71hjb5G92mGoKRSAW3Cj00'],['Anu Malik'],"['bhajan', 'chutney', 'classic bollywood', 'desi pop', 'filmi', 'ghazal', 'modern bollywood', 'sufi', 'tamil pop']"
6BofosOJOkiCY5XVv28XdA,Baadshah (Original Motion Picture Soundtrack),Ishtar Music Pvt. Ltd.,50,7/1/1999,['71hjb5G92mGoKRSAW3Cj00'],['Anu Malik'],"['classic bollywood', 'desi pop', 'filmi', 'modern bollywood', 'sufi']"
5i3NjuZceh9iqtcODFTM4Q,Kuch Kuch Hota Hai,Sony Music Entertainment,64,8/13/1998,['4YgUVg4p7xtMOrOS4GjiJZ'],['Jatin-Lalit'],"['afghan pop', 'chutney', 'classic bollywood', 'desi pop', 'filmi', 'modern bollywood', 'sufi']"
3GhUFuwe5vxty7YBGeOcj0,Soldier (Original Motion Picture Soundtrack),Tips Industries Ltd,41,11/20/1998,['71hjb5G92mGoKRSAW3Cj00'],['Anu Malik'],"['classic bollywood', 'desi pop', 'filmi', 'modern bollywood', 'sufi']"
6pEHb1MG9U5UZJK0rQ2OUX,Pyaar To Hona Hi Tha (Original Motion Picture Soundtrack),Sony Music Entertainment India Pvt. Ltd.,50,8/4/2000,['4YgUVg4p7xtMOrOS4GjiJZ'],['Jatin-Lalit'],"['afghan pop', 'chutney', 'classic bollywood', 'desi pop', 'filmi', 'modern bollywood', 'sufi']"
4SZP1rmZ6SLANWNsuml9Dt,Bade Miyan Chote Miyan (Original Motion Picture Soundtrack),Tips Industries Ltd,40,8/25/1998,['6PyJhjTC2Fk0cQTPvA5Edx'],['Viju Shah'],"['bhajan', 'chutney', 'classic bollywood', 'desi pop', 'filmi', 'ghazal', 'modern bollywood', 'sufi']"
1qvXEHskZGV4XZVBFd7lFP,Pyaar Kiya To Darna Kya,T-Series,52,3/10/1998,"['4YgUVg4p7xtMOrOS4GjiJZ', '3qdu3XhzSzkRhbwdFKnSuw', '0sSxphmGskGCKlwB9xa6WU']","['Jatin-Lalit', 'Sajid-Wajid', 'Himesh Reshammiya']","['bhajan', 'chutney', 'classic bollywood', 'desi pop', 'filmi', 'ghazal', 'modern bollywood', 'sufi']"
54NUwj7U1MOhA1ZGbnhiMz,Dil Se (Original Motion Picture Soundtrack),Ishtar Music Pvt. Ltd.,58,7/8/1998,['1mYsTxnqsietFxj1OgoGbG'],['A.R. Rahman'],"['bhajan', 'chutney', 'classic bollywood', 'desi pop', 'filmi', 'modern bollywood', 'mollywood', 'odia bhajan', 'sufi']"
3q6PdocS4301Y9Uu2kqyfr,Ghulam (Original Motion Picture Soundtrack),Tips Industries Ltd,42,3/8/1998,['4YgUVg4p7xtMOrOS4GjiJZ'],['Jatin-Lalit'],"['chutney', 'classic bollywood', 'desi pop', 'filmi', 'modern bollywood', 'sufi']"
5VA9SHJv2i1Z2NISECSJtz,Major Saab,T-Series,49,5/20/1998,"['5ixQ5hSywFLUaxoaA0uVaH', '4tma2wxDchrifG8Pflic4Q', '2owjgBZQ70LoCNHIgW3gSk']","['Anand Raj Anand', 'Aadesh Shrivastava', 'Anand-Milind']","['bhajan', 'chutney', 'classic bollywood', 'desi pop', 'filmi', 'ghazal', 'modern bollywood', 'sufi', 'tamil pop']"
2243XsWDNC4t6E17GruIU7,Dulhe Raja,T-Series,43,6/8/1998,['2owjgBZQ70LoCNHIgW3gSk'],['Anand-Milind'],"['bhajan', 'chutney', 'classic bollywood', 'desi pop', 'filmi', 'ghazal', 'modern bollywood', 'sufi']"
5vXatvv0dw9hxryYBvGAz1,China - Gate (Original Motion Picture Soundtrack),Tips Industries Ltd,30,11/27/1998,['71hjb5G92mGoKRSAW3Cj00'],['Anu Malik'],"['bhajan', 'classic bollywood', 'desi pop', 'filmi', 'ghazal', 'modern bollywood', 'sufi', 'tamil pop']"
