artist_id,artist_name,popularity,followers,genres,photo
00YLzAeCXriW04BIc31rPP,Jojo Nathaniel,37,301,[],https://i.scdn.co/image/ab67616d0000b273066615589b1ac0c6ac570d64
00sCATpEvwH48ays7PlQFU,Jonita Gandhi,67,375164,"['desi pop', 'modern bollywood']",https://i.scdn.co/image/ab6761610000e5eb2f4a1add7c0b3b2952f39520
01DlVvmRpQFutrYzh0HmF8,Kamal Khan,48,95417,"['desi pop', 'punjabi pop']",https://i.scdn.co/image/ab6761610000e5ebeb77abe80c1ec250779d75bc
025mNMOyhsDIKHAVTHp9xB,Prajakta Shukre,34,80153,['koligeet'],https://i.scdn.co/image/ab67616d0000b273a99a1020b6878e736ee9816b
03AyQQVGngusqE93lbDJR0,Naya,13,117,[],https://i.scdn.co/image/ab67616d0000b2737cdbd2e6a0e5ca60e58d29cc
03SZmfKAgYRQKUwy0EoJUa,Roop Kumar Rathod,62,1354450,"['classic bollywood', 'desi pop', 'filmi', 'modern bollywood', 'sufi']",https://i.scdn.co/image/ab6761610000e5ebed9f71fa78741d6b30cb7d49
03veJpSIc7GAx0mPLcskjI,Ashish Pandit,26,1153,[],https://i.scdn.co/image/ab67616d0000b273d65b1603c99b854f05a30c6b
03yzClwzHK7M7wiQMQixry,Anusha Mani,50,5258,['modern bollywood'],https://i.scdn.co/image/ab6761610000e5eb9eeb5263f58b1afc18c447bb
04FsFHujpuqonrPXZrEJlK,Dev Negi,64,349788,"['desi pop', 'filmi', 'modern bollywood']",https://i.scdn.co/image/ab6761610000e5eb7f5466d1024a9af1c911ed62
07iEy1AecUPVzfC2J2gCHR,Ikka,61,166447,['desi hip hop'],https://i.scdn.co/image/ab6761610000e5eb2f5a57415ca584a91db1ccb7
08UOe6fQSDJtqfl57oMadI,Abhishek Nehwal,13,17,[],https://i.scdn.co/image/ab67616d0000b273fe0b1199801fe5faa59559ef
09UmIX92EUH9hAK4bxvHx6,Mithoon,68,3402592,"['desi pop', 'filmi', 'modern bollywood', 'sufi']",https://i.scdn.co/image/ab6761610000e5eb632872204269d4b950c97731
0BETErLIHlmZEyB5fSk9LY,Veera Saxena,19,8,[],[]
0BEr6nvOOHQMy53md08n9Y,Master Saleem,52,20965,"['filmi', 'sufi']",https://i.scdn.co/image/ab67616d0000b273c7b13021bc25bd9aa701ad45
0BWH0kL2q9v1oltABqb4VM,Dilshad,20,78,[],https://i.scdn.co/image/ab67616d0000b2737b54b07822870f7f6c90ffe4
0DyXyd0D6fMUsuD6yONANx,Miss Pooja,51,974531,"['desi pop', 'punjabi pop']",https://i.scdn.co/image/ab6761610000e5ebb0550e94b68dcb42d0ce344c
0E02VcvA5p1ndkLdqWD5JB,Ankit Tiwari,67,7390355,"['desi pop', 'filmi', 'modern bollywood']",https://i.scdn.co/image/ab6761610000e5ebb4ff69664b83599cd5147179
0EJbLQbOGlc2zdJcG3tyFN,Selina,30,297,[],https://i.scdn.co/image/ab6761610000e5eb2705837887f123f6d720b1d3
0ESWSdsAB8QDp2eA4ES2Er,Keerthi Sagathia,43,21499,['gujarati pop'],https://i.scdn.co/image/ab67616d0000b2731438b04d7297ea75a0f23ec3
0Es0q6Ck6CyyDjrWBqWkRc,Aditi Paul,40,1654,[],https://i.scdn.co/image/ab6761610000e5ebba022385f0f57512042bf0ba
0F8n0oEMu3Fl3mD31nw89U,Supriya Pathak,23,92,[],https://i.scdn.co/image/ab67616d0000b273de803605ac17a4c743b4018e
0HIpVOzrDwqiI5wP56soMK,Saim Bhat,49,2929,[],https://i.scdn.co/image/ab6761610000e5eb427b86f710253fa11e0f318d
0HOYMgV3gvSAdEW7VYRA4u,Tushar Parte,29,13,[],[]
0HsUQSehtJfQENJxgxQwg5,Nikhil Vinay,33,3507,[],https://i.scdn.co/image/ab67616d0000b273d03eb0764b6a18b362febb88
0JOQXuHaEVlGL8Ej6LbnuT,Pervez Qadir,29,6,[],[]
0L5GV6LN8SWWUWIdBbTLTZ,Shankar-Ehsaan-Loy,69,2070725,"['desi pop', 'filmi', 'modern bollywood']",https://i.scdn.co/image/ab6761610000e5eb3db0499a689aa9b4a47ebba3
0LOdQDBSB8NYPykI3REezj,Sanchit Balhara,34,8954,[],https://i.scdn.co/image/ab67616d0000b27345a01de13b8eba2fa29a6601
0LSPREIgGMZXCuKVel7LVD,Karthik,68,1042867,"['filmi', 'tamil pop']",https://i.scdn.co/image/ab6761610000e5ebc4e35be932b7bfacc6025309
0MCNNoZK9zAxO8qZFpBSjT,Roopam Islam,7,17,[],[]
0NErdIJtuKBjtxKmlqaWdj,Divya Kumar,62,162416,"['desi pop', 'filmi', 'indian folk', 'modern bollywood']",https://i.scdn.co/image/ab6761610000e5eb759f11d8a4f906963a6e3a96
0NZtn1Kyq08alpHCTRf3dv,Tony Kakkar,65,3220090,"['desi pop', 'modern bollywood']",https://i.scdn.co/image/ab6761610000e5ebd73047a716d16171e4993735
0NeoPmJb4LMYLHhX8OVaNA,Shadab,51,160,[],https://i.scdn.co/image/ab67616d0000b2736673100e6ec14eaf8c75f9cf
0OwLJUBosvUNVMcJ2eREal,Roshni Baptist,26,18,[],https://i.scdn.co/image/ab67616d0000b273c50cbb97507bf5c50b1172cd
0PdCjwR9pWo87eM0RkDyPK,AKS,21,2074,[],https://i.scdn.co/image/ab67616d0000b2736ea262cf932b8eb50833ae90
0Q4xsA5aPdcrmxepPGP0x6,Govinda,21,1593,[],https://i.scdn.co/image/ab67616d0000b273585df4416cfdd5870ab77b72
0QLzqyQSmTgaI38eEfz0qQ,Darshan Rathod,40,86,[],https://i.scdn.co/image/ab67616d0000b2737be60aaff55979bbebd4fee5
0RDl8s6oFOqyuPfrXkrH8I,Earl D'Souza,37,146,[],https://i.scdn.co/image/ab67616d0000b2734359ad6210bd33daa4bd0241
0RMsiUCTjsdGjoKyhEm8Y4,Mamta Sharma,50,277549,"['desi pop', 'filmi', 'modern bollywood']",https://i.scdn.co/image/ab6761610000e5eb01ebc6705c82a56f11094247
0SWOtgI95g7oVrP9halrmP,Bohemia,62,364155,"['desi hip hop', 'desi pop', 'pakistani hip hop', 'punjabi hip hop']",https://i.scdn.co/image/ab6761610000e5eb3d79f0cf76c5e54b3d55863e
0T1CMVkqffHlqEk4BcAph1,Tulsi Kumar,71,3307796,"['desi pop', 'filmi', 'modern bollywood']",https://i.scdn.co/image/ab6761610000e5eb90499e6446916def99909236
0Tn7oEmE8zDUR340Doo9zl,Aamir Khan,38,15369,['classic bollywood'],https://i.scdn.co/image/ab6761610000e5eb1448b7cc1cc93e649b462722
0TnYVn2gCscbah7B833t5s,Kuwar Virk,47,507,[],https://i.scdn.co/image/ab67616d0000b273bfb6dc35137fbe0909ab93fc
0VY6hrDE8fYcFv956K8yIG,Suzi Q,41,175,[],https://i.scdn.co/image/ab67616d0000b273f4e660eb2b6fdb9b283c8ed5
0WUykTmuOcYbFgu3L6lO0L,Prashant Samaddar,27,10,[],[]
0XL6ie7a0NY5FM05b9Rn5L,Farhan Akhtar,57,1676823,"['desi pop', 'filmi', 'indian indie', 'modern bollywood']",https://i.scdn.co/image/ab6761610000e5ebad172e19a5e9c349122e1c18
0Xo2LczpLrxlnlq72iq2BA,Sanjivni,13,7,[],[]
0YUNlILtYJvTbactXKhFHc,Mohan Kannan,22,626,[],https://i.scdn.co/image/ab67616d0000b2737df57a66db0ffc775e9b28b4
0Yb0T3wUUNiIvHjqnfkbuH,Mahalakshmi Iyer,60,19290,"['filmi', 'modern bollywood']",https://i.scdn.co/image/ab6761610000e5eb917bf7b3a0d7e8621a0bbed0
0a63ibJwG5TRXeYuAIVZvz,Kids,35,1900,[],https://i.scdn.co/image/ab67616d0000b273c641ea35d76be901643dd93e
0a6rlKqFyJl2rBtU4UTpO7,Master Vignesh,26,64,[],[]
0ag6pPhqOZ6r0X130g5AJL,Sidd Coutto,23,269,[],https://i.scdn.co/image/ab67616d0000b2731c1ef1aac93c4da4dce67173
0bRPtPZQkWHeG7MGk9eWlh,Romy,56,15538,"['desi pop', 'modern bollywood']",https://i.scdn.co/image/ab6761610000e5eb2563909d8325b9b0ea081e02
0c5Ia4czywf47iK0si9bZQ,Sonali Bajpayee,7,61,[],[]
0cGHc87UV3xdjlFlS2xEeH,Sarwar Khan,27,122,[],https://i.scdn.co/image/ab67616d0000b2733420f5c80906760c08d08a1e
0cGUyn1Hk4stZda7WqMAbS,Madhuri Dixit,27,8949,[],https://i.scdn.co/image/ab6761610000e5eba335fc5a1f9dae0dcfcb372a
0cZUnZAl3WmjGJwEVcBqEH,Ajay,46,20679,['marathi pop'],https://i.scdn.co/image/ab67616d0000b2734ae03dc0e76b1e5defcc3d1a
0cczE6c7kfFCBQt96AV4Nt,Alamgir Khan,27,3217,[],https://i.scdn.co/image/ab67616d0000b2736cb9c7d0b8828598d307f2c1
0dmNwC3rvkNWXtljBChgpy,Roshan Thakar,1,0,[],[]
0e7Xsukwik0zDaqCcSvJTg,Prasoon Joshi,57,360,[],https://i.scdn.co/image/ab67616d0000b273834d797725832f5b35cbf8e8
0hlp615DvIIy7XvUpbmuMi,Shaurin Bhatt,2,33,[],https://i.scdn.co/image/ab67616d0000b2735663e9409208984383bd481d
0htEfVFpcont32VEscgt3J,Shanu Malik,4,9,[],[]
0kJO65h553i1iGsZutBuqz,Adnan Sami,57,1810750,"['classic bollywood', 'classic pakistani pop', 'desi pop', 'filmi', 'modern bollywood']",https://i.scdn.co/image/ab67616d0000b2738d5b19305095a36a74407b7c
0kdQsZTmzqhR2JYK3Bhg3Z,Nitin Raikar,8,86,[],[]
0lD1ZrMwAQR9YQ86D63UhW,Ravi Khanwilker,15,2,[],[]
0lMa3YTHqQnDDTBaxAV7LK,Ranveer Singh,53,447065,"['desi hip hop', 'desi pop', 'filmi', 'hindi hip hop', 'modern bollywood']",https://i.scdn.co/image/ab6761610000e5ebcd9d96bb4ef185350550889e
0le3G5nxaIL8ecHpBA6LPW,Akriti Kakkar,50,81858,['modern bollywood'],https://i.scdn.co/image/ab6761610000e5eb6feb29219ff66072c5eaba5e
0li1h83aWiOl4kV7tKWJvc,Prasanna Shekhar,0,5,[],https://i.scdn.co/image/ab67616d0000b273e31bd527ac8b6ced443a29c0
0liUJ2xG9JRPSrYGZALfgX,Gurinder Seagal,41,1332,[],https://i.scdn.co/image/ab6761610000e5ebe2b4e73e6e8d78d39ea74b1e
0lve5IC1Fy0kxyzy8deBih,Yashika Sikka,37,4848,['gujarati pop'],https://i.scdn.co/image/ab6761610000e5ebaa8ac3bdbd2c9faec13b4352
0m3D4grap8VFSzbJMqgNVk,Kumaar,58,634,[],https://i.scdn.co/image/ab67616d0000b273ab75b015b6f615baeb638d11
0mJDQBWytBhOh5JB1DOQ1c,Jasmine Sandlas,62,1328280,"['desi pop', 'punjabi pop']",https://i.scdn.co/image/ab6761610000e5eb9a25224792e6bd5f3b4d20d0
0myVJmNOHZ7v7g8JVWGw8H,Vasundhara Das,54,2893,['filmi'],https://i.scdn.co/image/ab6761610000e5eb2b637d82eaf2522151240ea7
0nyZhi09T9RSiWvw6QwxWy,Clington,27,2,[],[]
0oOet2f43PA68X5RxKobEy,Shreya Ghoshal,78,9588919,"['desi pop', 'filmi', 'modern bollywood', 'sufi']",https://i.scdn.co/image/ab6761610000e5ebb3fe1b3ee6caedd21d2a6b85
0oVezCxBnuX79VbcZhtUnw,Band Of Power,23,12,[],[]
0oXD3gW056DGEfWuEWcs7R,Kamaal Khan,49,338134,"['classic bollywood', 'filmi', 'modern bollywood']",https://i.scdn.co/image/ab67616d0000b27357683061f6fb746c2714f825
0obsFnsyhgGicMRGt4q3o4,Kilogram K G,8,2,[],[]
0qpsFfOT3SmdGmnyV6rOhS,Meet Bros.,69,668482,"['desi pop', 'filmi', 'modern bollywood']",https://i.scdn.co/image/ab67616d0000b2739a0cfca9e6c069d1a53b962b
0rPXtq1DFqaWtWxL70d28q,Sartaz Khan Barna,27,47,[],https://i.scdn.co/image/ab67616d0000b2730bd663fc8a550082907d4f5a
0sSxphmGskGCKlwB9xa6WU,Himesh Reshammiya,65,4033590,"['desi pop', 'filmi', 'modern bollywood']",https://i.scdn.co/image/ab6761610000e5eb2cfc402fa29cd2949023a8bf
0sbtGmW8r5bxfXzla8a7eI,Sabri Brothers,51,254528,"['pakistani folk', 'sufi']",https://i.scdn.co/image/ab67616d0000b273759b14ac410eec87019820b4
0uWl5BUPnXzE2RWQEprHyF,Suzanne,44,607,[],https://i.scdn.co/image/ab67616d0000b273b36a619e57d007f99bf2e8a8
0uwp0t2eE8qxCatuNX23ch,Rahul Saxena,40,76,[],https://i.scdn.co/image/ab67616d0000b273a02d2f1dc525d3ded4ac84cf
0v8Vu84KyjZUxCD1P8LpDp,Rasika Shekar,28,630,['tamil indie'],https://i.scdn.co/image/ab6761610000e5ebfbbea10c256a0f2ee313b5f5
0vkpFzbSTmwPuGGnhsblFI,Ajay Gogavale,55,190672,"['desi pop', 'filmi', 'modern bollywood']",https://i.scdn.co/image/ab67616d0000b273a4bfc0fd882d2154ae358347
0w0mlcvl7QH28Cs28O6waY,Akshay Kumar,59,73351,['modern bollywood'],https://i.scdn.co/image/ab6761610000e5ebb9be4c167acda219a94d2bb6
0w4e7HVbqAHFPN6VkIlvhe,Suresh Wadkar,56,686596,"['bhajan', 'classic bollywood', 'desi pop', 'filmi', 'ghazal', 'modern bollywood']",https://i.scdn.co/image/ab6761610000e5ebedc8b6b16d41b66123c96d04
0w8tFRpIwIcsX9HXUIaoAF,Vaishali,38,3522,[],https://i.scdn.co/image/ab67616d0000b273610f13993d9594f8c5fa96a3
0xHXoShMJw3xDArjL8IHtt,Nadeem Shravan,43,55979,['classic bollywood'],https://i.scdn.co/image/ab67616d0000b273d2802557a579f983a776d5e5
0y59o4v8uw5crbN9M3JiL1,Badshah,75,15953637,"['desi hip hop', 'desi pop', 'desi trap', 'haryanvi pop', 'modern bollywood']",https://i.scdn.co/image/ab6761610000e5eb9c72bb146a19c0100e2ed079
0y633xrd3L3rSxpZ4awgnG,Ravindra Jain,45,22588,"['bhajan', 'jain bhajan']",https://i.scdn.co/image/ab6761610000e5ebe63415277db547fff4fcb6b3
0yP14cTFHDszbgRRVFMdmJ,Jolly (Joshilay),10,5,[],[]
0yRC5n90spXG0d3aiDQ0vB,Gulzar,59,383537,"['classic bollywood', 'filmi', 'ghazal', 'modern bollywood']",https://i.scdn.co/image/ab6761610000e5eb27444a2555c1538c36d54c61
0ygVoSAqn4tgm4AgCuKQpF,Salman Ali,45,20239,['sufi'],https://i.scdn.co/image/ab67616d0000b27338dcd92f80f465cb47dbc84e
0z4gvV4rjIZ9wHck67ucSV,Akon,81,2930845,['dance pop'],https://i.scdn.co/image/ab6761610000e5ebdcf05227f2b4483f1e356943
0z4rTHNZKTcPJqrDdLpfmc,Nisha,40,351,[],https://i.scdn.co/image/ab6761610000e5eb764a3d6d7f5557f249eb5a83
10auBNc8nhkSe8gScnWzHt,Aparna Bhagwat,8,2,[],https://i.scdn.co/image/ab67616d0000b273ef078c44662bacc698a3ace0
12gjCYtiDQHESRsVbFXvG0,Kareena Kapoor,39,14556,['modern bollywood'],https://i.scdn.co/image/ab6761610000e5ebf9edfe9ad2071cec9985a417
12y9Nfhf113GiJI3CnJwGd,Suzie Q,32,766,[],https://i.scdn.co/image/ab67616d0000b2732029d1e0a772450b140e9770
132X1A6XJBFJBLdRwrw9wF,Theme Music,9,50,[],[]
144SRhmGzbrBhwKP0LJXPC,Preeti Uttam Singh,25,5080,[],https://i.scdn.co/image/ab67616d0000b273cf768eb04f32cf515f308b68
14RCiE06AD27Eg0RvomOlU,D-Cypher,33,6199,"['desi hip hop', 'hindi hip hop']",https://i.scdn.co/image/ab6761610000e5ebc0746735186297a2f733f39c
15wPqbQiHGwqAtC119OGBD,Auriel Cordo,27,17,[],[]
16IWQKGP5XiiKxalXZuIMZ,Bhoomi Trivedi,47,57526,"['gujarati garba', 'gujarati pop']",https://i.scdn.co/image/ab6761610000e5eb8c390a4068d34cf67359a4f4
16giAXXqJDSVCtWRRYh2HN,Sayonara Philip,8,1416,[],https://i.scdn.co/image/ab67616d0000b27308ab22c441f162464a3048bf
17dThZkTlOa35pmzuunKAz,RDB,50,35621,['bhangra'],https://i.scdn.co/image/ab6761610000e5ebe0ea46037245918baf6ff22f
17slvN7PVFyVcRtWJchRqU,Taniskaa Sanghvi,45,1275,[],https://i.scdn.co/image/ab67616d0000b273ca5585b4e97cd9deeafb5c63
187TniBCUYUBlVTjmtsVi9,Music Mg,56,6931,['punjabi pop'],https://i.scdn.co/image/ab67616d0000b273151f7fb11349aeb019059bd5
19BiNaisDrfWU6UEv0ymMX,Tapan Raj,9,12,[],[]
19LIHDDSHBD5NyYHI3gpzB,Shilpa Rao,66,742626,"['filmi', 'modern bollywood', 'pakistani pop']",https://i.scdn.co/image/ab6761610000e5ebada368118a052fb40d3f1a68
19MVxKZZdPj2X0F8pi0OCT,Sukhwinder Singh,65,327173,"['classic bollywood', 'desi pop', 'filmi', 'modern bollywood']",https://i.scdn.co/image/ab6761610000e5ebc89e803f887e3829819bf82a
1ApHgy50VoxxG86FZ3v4z4,Pratima,25,12,[],https://i.scdn.co/image/ab67616d0000b27370d8b64ed19d9bd71c57cbf0
1BUoAbyYuvOr13MjHqgdOy,Maria Del Mar Fernandez,45,561,[],https://i.scdn.co/image/ab67616d0000b273814505bed7494444d6780fc1
1BYgLu5KRAj1ewCoY0UPJE,Gurinder Seagal Sardar G,16,574,[],https://i.scdn.co/image/ab67616d0000b273ba305662d0734dd49ea1ada4
1CwUuNEwAVFy1v7499k1b6,Manpreet Akhtar,36,1179,[],https://i.scdn.co/image/ab67616d0000b273ad003d9a38ee297a44821a7a
1DjoNMVe0jYejgYoGegVzC,Deane Sequeira,39,89,['desi hip hop'],https://i.scdn.co/image/ab67616d0000b273baf1227513e348790bebf48d
1E6arsXf5Fgsnv9YpSzjpE,Parampara Tandon,67,25605,[],https://i.scdn.co/image/ab6761610000e5eb0ff355ae82eb4871f82263b3
1EKK9k0IAwV1oeJfZITSYo,Madhushree,53,5087,['filmi'],https://i.scdn.co/image/ab67616d0000b273d1e1c7aa9fa47417aea79013
1EvTAKGpcJx8wtvppR7p45,Suresh Peters,46,3942,[],https://i.scdn.co/image/ab67616d0000b2737244ebf77e8350ef406f7347
1F4jYCbPTiQN8tbLvw3qis,Shantanu Sudame,34,52,[],https://i.scdn.co/image/ab6761610000e5ebedc19f5a3984f7af39c0cdbc
1FZFz7GU2CyvztRGnuECAm,Jaspeert Singh,20,4,[],[]
1FpxWLEKhs3fsDL1fXDBHl,Ravindra Upadhyay,41,343,[],https://i.scdn.co/image/ab67616d0000b2734aae20023aee1a703fb03756
1GC0Sd86XMhMkhUT83p566,Madras Chorale Group,20,32,[],[]
1GZvqaIir4444RvrFLXUQI,Ananya Wadkar,27,26,[],https://i.scdn.co/image/ab6761610000e5ebd0b55ce89fb5b2d236f89cc8
1Gk2SyH7H93cnVzVQlEFOI,Yashita,17,10,[],[]
1H7XdAotpijnnZPOlpDJfv,Ajay Devgan,29,20704,[],https://i.scdn.co/image/ab67616d0000b273d633546baf04ab822703e33c
1HGMG8RHvcu1mfdM9MeTek,Sadhana Sargam,65,452716,"['classic bollywood', 'filmi', 'modern bollywood', 'tamil pop']",https://i.scdn.co/image/ab6761610000e5eb5bff80a5700274b3de628f8a
1J9CDLfH3kc3c4oaxOgMIS,Mustafa,21,339,['sambass'],https://i.scdn.co/image/ab6761610000e5ebc251465408903af046498815
1JdHoZwkwOmX2Pl2iTwnzc,Vishal Bhardwaj,42,606502,"['classic bollywood', 'classic pakistani pop', 'desi pop', 'filmi', 'ghazal', 'modern bollywood', 'pakistani pop']",https://i.scdn.co/image/ab67616d0000b273697900b24eb6e48a78923d98
1Jt7JB3WIWaANzwHoybsVn,Shefali Alvares,57,102526,['modern bollywood'],https://i.scdn.co/image/ab6761610000e5ebb456be8ea9056461075c682d
1Ju3SIITQWtyT3SOnONE40,Pooja AV,47,287,['kollywood'],https://i.scdn.co/image/ab67616d0000b27336168b545c87c0a8e4b06658
1KIKn2xA1mgC7uJTcS1hEU,Loy Mendonsa,56,359,[],https://i.scdn.co/image/ab67616d0000b27382f9af4d552601fd9ec05af4
1LB7MFAIkZL7Fw02NLiKVL,Shankar Sachdev,16,4,[],[]
1LsO8B5nAAGLeilJv1iSW2,Mahesh Manjrekar,9,27,[],[]
1MXCJZmyzGh5JprZmICbT3,Sarika Kapoor,32,119,[],https://i.scdn.co/image/ab67616d0000b2738a1e28af34c43a447fc52948
1NKmpPhLjRNBoFoc6TVH25,Guru Thakur,2,96,[],https://i.scdn.co/image/ab67616d0000b2732f07ab95ff92dcbac120867b
1OPqAyxsQc8mcRmoNBAnVk,Dhvani Bhanushali,70,2519193,"['desi pop', 'modern bollywood']",https://i.scdn.co/image/ab6761610000e5eb163a20ead4e7e7cb08df8567
1OZ5QftREjOSgdIjdzm03I,Sharman Joshi,42,258,[],[]
1P0xN5daAiUEebg0m8pY2O,Varun Dhawan,54,30247,[],[]
1PEOXOtxn9FQN9sc2CBYGv,Sajid Khan,42,273,[],https://i.scdn.co/image/ab67616d0000b273d0092c4f45329c24849f4e70
1Pn6pKlgzxcH6iIRp08dQr,Sonu Kakkar,50,58226,"['filmi', 'modern bollywood']",https://i.scdn.co/image/ab6761610000e5eb4bb8e1dd6d761593afd6a17c
1RH25kNF2MA1wji0ZzgAVk,Aditya Chopra,25,16,[],[]
1RMmK2dEtVEbhSV7qvSXJ1,Kalpana Patowary,36,2402,['indian folk'],https://i.scdn.co/image/ab6761610000e5eb24ed353e69b6c6bb17896bd0
1Rw80aZte4nc7PJb8ODdKG,Siddhant Madhav,10,27,[],https://i.scdn.co/image/ab6761610000e5eb94f0e3d065ee145700b0d3a8
1SFZj1QftOmRhmnB7TgOlc,Herbie Sahara,45,85,[],[]
1SJOL9HJ08YOn92lFcYf8a,Shankar Mahadevan,70,3933197,"['desi pop', 'filmi', 'modern bollywood']",https://i.scdn.co/image/ab6761610000e5eb3f27a828c24d73cf0427e2e7
1UWXbWtYqfIiPRXrLh3eBK,Maneesh Singh,23,8,[],https://i.scdn.co/image/ab67616d0000b27346ea5ae986ceae2efcf4b506
1UdYhDdrXVNJMAKghjdU6v,Joi Barua,44,13471,['northeast indian indie'],https://i.scdn.co/image/ab67616d0000b273ad8b21ba1e471add16a4d6e7
1Uj4ZC05yoQLa2oDVJVSbw,Mariam Toller,35,59,[],[]
1Uy4rDTdXHBBSAjDTOKoRC,Suvarna Tiwari,17,136,[],https://i.scdn.co/image/ab6761610000e5eb11de47dea6470807586bcc4f
1W8O3VMkoLKHlnPtojVU8l,Kshitij Tarey,43,7043,['modern bollywood'],https://i.scdn.co/image/ab6761610000e5ebc3bcae0e37cb5259d47592d8
1WTFOsRsg1Vzx5NzyE53JR,Abhay Deol,45,274,[],[]
1We1NKY3QvTL9JRVFTIAXM,Rashmi Sharma,14,42,[],https://i.scdn.co/image/ab67616d0000b2739191993d874f96a646b10798
1XgKXdxIUPxjdZQgrv0dbR,Dj Sunil,28,26,[],[]
1Xoow41U5fn5DwlMlYt7Gw,Hard Kaur,49,4912,['desi hip hop'],https://i.scdn.co/image/889f5142cb0c229130777581d24ff45fd64331ea
1YDHJp6tlLwbVaqL0qZ6Qx,Ravi Mishra,33,114,[],https://i.scdn.co/image/ab6761610000e5ebd2b049521d859adaba77f12c
1ZCPRtzF2CRFnP9OYHQGmN,Anugrah,42,39,[],https://i.scdn.co/image/ab67616d0000b2730624c50fc4e9b37e19b70da4
1ZjTtkG8iHppYgibGNc4rw,Mumzy Stranger,53,61058,"['desi hip hop', 'desi pop']",https://i.scdn.co/image/ab6761610000e5eb7a40662d01a83222451acb22
1abwbKiBr7zorRfj7JhMPY,Subramanium,23,1,[],[]
1bTROl5p3rGTpvKeWnGgrw,Sohail Sen,56,422521,"['classic bollywood', 'desi pop', 'filmi', 'modern bollywood']",https://i.scdn.co/image/ab6761610000e5ebf95f20e92773879f369eae52
1bdHclfogjpbNOpgEfGV36,Rahul Seth,12,5,[],https://i.scdn.co/image/ab67616d0000b2734c4ab21a0f612634e96e26d6
1c9i7ZEcpmRugZrD3AgQgE,Aishwarya,38,284,[],https://i.scdn.co/image/ab67616d0000b273d15e893942295bd48df9a8f2
1cQNjl59FDiyiqDnmyhMvG,Rana Mazumder,32,2037,['bangla pop'],https://i.scdn.co/image/ab6761610000e5eb8f6e02fa3200bcccb02827fc
1cXjeY6DeuvHqOLioXcHZk,Shubha Mudgal,43,81462,"['classic bollywood', 'filmi', 'ghazal', 'hindustani classical', 'sufi']",https://i.scdn.co/image/ab6761610000e5eb86669ab5d51b4747b926c1ee
1cfG7UM0OD4O1II1nd15Qo,Ash King,64,787066,"['desi pop', 'filmi', 'modern bollywood']",https://i.scdn.co/image/ab6761610000e5ebe675e42665c0bb20d55ea773
1ciT67XXpG2HOVsLQjKdv6,Ankur Tewari,48,143343,"['indian indie', 'indian rock', 'indian singer-songwriter', 'modern bollywood', 'pakistani pop']",https://i.scdn.co/image/ab6761610000e5eb9b2d9c0d0f0be63c7bdc6533
1cw8NspBF8JctQm5rpn3pv,Rashid Khan,48,46185,"['ghazal', 'hindustani classical', 'hindustani vocal', 'indian classical', 'khayal']",https://i.scdn.co/image/ab67616d0000b273e108cdcfc16d1c27220fc8dd
1d1zBysvyutA5en7DZnvJW,Danish Sabri,38,316,[],https://i.scdn.co/image/ab67616d0000b273f0209087d54224d7b9c5bbee
1dVygo6tRFXC8CSWURQJq2,Sonu Nigam,72,6729476,"['desi pop', 'filmi', 'modern bollywood']",https://i.scdn.co/image/ab6761610000e5ebbc959d7569618ec2af2210f5
1eyehG6qD18prgtCvvbDnc,Monty,13,130,[],https://i.scdn.co/image/ab67616d0000b27330e433979f20855057bccb03
1eymZReguIMWssA0Skxa68,Aishwarya Bhandari,37,151,[],https://i.scdn.co/image/ab6761610000e5ebb5cc9599d3bdbb327dfcc84a
1fn1zda146dVI8wNdqi9l6,Krsna Solo,39,8425,[],https://i.scdn.co/image/ab6761610000e5ebe5ae5cbb6385eb43d32dfa1e
1gHVDWrG6hVra3ZxV7mQWd,Vinod Rathod,52,368628,"['classic bollywood', 'filmi', 'modern bollywood']",https://i.scdn.co/image/ab6761610000e5eb932320f8eb2ecd66ce86fec4
1ge0FlKDdkPEWarNZgxQrx,Prem Hardeep,45,2165,['punjabi pop'],https://i.scdn.co/image/ab67616d0000b2732b9a6ded2fc5351ea134ca57
1hYkTNl6h28hwB6IZJ3nfB,Bhavya Pandit,31,597,[],https://i.scdn.co/image/ab6761610000e5ebf06a8301627e31bed12ba796
1jPeDHvfU5Knw8VyOP6TZN,Dj Chetas,63,47258,[],https://i.scdn.co/image/ab6761610000e5eb7abceb1655c3d26cba852a10
1k86nyDLibfGQYpps8NKO0,Jolly Mukherjee,35,1132,[],https://i.scdn.co/image/ab67616d0000b273acbaa52346c3fbea79a5d705
1kfqHPfj8yygKGMD3NrDE5,DJ Sanj,40,252248,"['bhangra', 'desi hip hop', 'desi pop', 'punjabi pop']",https://i.scdn.co/image/ab6761610000e5eb7b36394842967e1f2102bcee
1l9CrpXwuI0ymhU1ukGe9W,Rani Hazarika,14,159,['kashmiri pop'],https://i.scdn.co/image/ab67616d0000b27311770070a23fb1c60d2c82bf
1lqjuFv2p58navjnu4kMMm,Nitu Choudhary,23,11,[],[]
1mBydYMVBECdDmMfE2sEUO,Sachin-Jigar,72,891888,"['desi pop', 'filmi', 'gujarati pop', 'modern bollywood']",https://i.scdn.co/image/ab6761610000e5eba038d7d87f8577bbb9686bd3
1mMKKbLFrIqfOzLqFuGBRt,Anupama,49,1018,['filmi'],https://i.scdn.co/image/ab67616d0000b27391ca09d856caf3929701ccbe
1mYsTxnqsietFxj1OgoGbG,A.R. Rahman,76,15935066,"['desi pop', 'filmi', 'modern bollywood']",https://i.scdn.co/image/ab6761610000e5ebb19af0ea736c6228d6eb539c
1oMKeiHXRkg7tNqwhaS3fu,MC Altaf,50,70390,"['desi hip hop', 'desi trap']",https://i.scdn.co/image/ab6761610000e5ebec1e4edee4b2ecd50a74259b
1otleRGxIU5q64yzCNUHsi,Michie One,37,282,['uk reggae'],https://i.scdn.co/image/ab6761610000e5eb97ddc6c872c2eceab50527e3
1qfR6EcXfL5ihPR5PKYUud,Deep,23,201,[],https://i.scdn.co/image/ab6761610000e5eb76135b37b1a2560f4b306536
1sVmXkzX2ukc6QvasrDBES,Asees Kaur,75,560758,"['desi pop', 'filmi', 'modern bollywood']",https://i.scdn.co/image/ab6761610000e5eba569e69b6800b46cdba27d00
1t44XSPiW7z8PebleCo7uP,Fateh,53,36072,"['desi hip hop', 'desi pop', 'desi trap', 'punjabi hip hop']",https://i.scdn.co/image/ab6761610000e5eb8febb2b94988303aef620f57
1tqysapcCh1lWEAc9dIFpa,Jubin Nautiyal,78,1990134,"['desi pop', 'filmi', 'modern bollywood']",https://i.scdn.co/image/ab6761610000e5eb1a9d9cfc59b01338c0786953
1tspa3CEV2XqEDsgehaNBz,Sowmya Raoh,47,10061,['filmi'],https://i.scdn.co/image/ab6761610000e5ebb6984f6bd7a1e5f36f73b4e1
1uEc04gvR5iAuo77gWIuNG,Am'nico,7,5,[],[]
1uTflFWGMlfaiaS8OzS7sk,Reena Bhardwaj,24,1010,['filmi'],https://i.scdn.co/image/ab6761610000e5eb77d6a7b6f44b3e20512fc6db
1uVa8ZU3aBYmlWANE2XCwu,Wajid Khan,41,312,[],https://i.scdn.co/image/ab67616d0000b273a5f4f7ec9ee32b319f07a965
1uvhlTAXnsaIsYLfyYPPIk,Anish Sharma,30,80,[],https://i.scdn.co/image/ab67616d0000b273bd1e53a4056fefafa5e25846
1vKAthxJWQmTEcB1ZVqUGB,Neeraj,29,251,[],https://i.scdn.co/image/ab67616d0000b273e97cc03c1baa1c6b79049265
1vbqWQH2DNjYqkBNMpmeD1,Farhad Samji,26,124,[],https://i.scdn.co/image/ab67616d0000b27324fdec36cdfadc1dc9d18931
1w69vD4mzo5L5kp6CcAaM1,DJ Akhil Talreja,35,865,[],https://i.scdn.co/image/ab6761610000e5eb69058d55f7a069967febb8c6
1wRPtKGflJrBx9BmLsSwlU,Pritam,82,3225299,"['desi pop', 'filmi', 'indian instrumental', 'modern bollywood']",https://i.scdn.co/image/ab6761610000e5eb9966790d6abff677d3979eb6
1xX0K9yaCUHVyVLCVfUAnw,Vishal,34,1363,[],https://i.scdn.co/image/ab67616d0000b273fff7670632782bc061f8a744
1xorUx87dY6MVQJqrDL8EN,Choir Singers,8,2,[],[]
1zERD0GCjQIzwmwAa0wCIJ,MANOJ TIWARI,32,11476,['bhojpuri pop'],https://i.scdn.co/image/ab67616d0000b2736cf00a8b91149d65b05ce12a
1zs5AOsqD2b0YfmGNfWni4,Arif Lohar,38,54132,"['classic pakistani pop', 'pakistani pop', 'sufi']",https://i.scdn.co/image/ab6761610000e5eb16e868f272c98bfd43ffab78
20w1cujlzVI3LA0dItmMg1,Osman Mir,48,39613,"['gujarati garba', 'gujarati pop']",https://i.scdn.co/image/ab67616d0000b27359430ca0fe98c710a5c7240e
21UTmpF4VF2E5Rf1tNnkZN,Juhi Chawla,15,1359,[],[]
21x3ja7RPjkjLoaJhQmw9C,Dee MC,43,9363,['desi hip hop'],https://i.scdn.co/image/ab6761610000e5eb9712c416dc961ca3ab81e951
235N4J1kQVI9kfqGF8Ntnl,Shivam Mahadevan,48,1809,[],https://i.scdn.co/image/ab6761610000e5eb284f0a1fae7a5bf35611daac
239QPFOWMynGduJ1wC7UA8,Rehan Khan,32,40,[],[]
23tDn4nvBiCQroeeCwwCWT,Varun Grover,49,1007,[],https://i.scdn.co/image/ab6761610000e5ebd77d78d25dea49baa4fbba25
24ym3jYnSQsGFwGdMfatEZ,Gautam Susmit,9,0,[],[]
25bvyjHJAszeSV3q0TmEhY,Jazzy B,52,597682,"['bhangra', 'classic bhangra', 'desi pop', 'punjabi pop']",https://i.scdn.co/image/ab67616d0000b273eaab591985534c201c77f818
279ZItWl3nzCaO4SJJdzAN,Alyssa Mendonsa,56,2654,['modern bollywood'],https://i.scdn.co/image/ab67616d0000b27328d609d7c650e4449e066ebf
27SZIF6hj76OLGBC4AT5o7,Madhushri,23,22,['indian instrumental'],https://i.scdn.co/image/ab67616d0000b273cbb672610b22540a747688b4
281Vp9LDrWkHMHQzfQHWCt,Rashid Ali,53,63744,"['filmi', 'modern bollywood']",https://i.scdn.co/image/ab6761610000e5eb60c9482ef58ab720ec8c1456
28GOSFaJ08uQJlYX8OIpyc,Hadiya Hashmi,30,415,[],https://i.scdn.co/image/ab67616d0000b2731f57ec277e4afd9d3bf5bd4e
28efJ7RrLMdRuYe0fBTQtG,Kiran Rao,19,541,[],[]
29pdmuCRFfpOrngowXRPvz,Kadar Ghulam Mustafa,19,38,[],[]
2AHn7YZlc4cxOpyKAIENPx,Arun Bakshi,22,34,[],https://i.scdn.co/image/ab67616d0000b2731b478d27d9859bd2d3d20a1c
2BFf4Eo5zLA1ntJnMwgOaX,Priyesh Vakil,36,58,[],https://i.scdn.co/image/ab67616d0000b273b33cbc9aea667f6a25e101a4
2BOt8hIxLbtCbydYDmUYwG,100 RBH,20,113,[],[]
2Bu3DMTHHdXW4jnhoWHhPa,Chorus,52,6227,['vintage broadway'],https://i.scdn.co/image/ab67616d0000b273214ff5c343e382bef1f6186f
2Ce6gcsm5H7PM8qRCBD3LU,Alsiha Chinai,20,83,[],[]
2DLbgLBsZk1Yy9NRlQhhWY,Kalpana Gandharv,9,24,[],[]
2DpITTpb4v5SQtB3iA4A44,Rishi Rich,49,165323,"['bhangra', 'desi hip hop', 'desi pop', 'hindi indie']",https://i.scdn.co/image/ab6761610000e5eba21dabf9a88203d95deae049
2DwWEmeVaWxwkjbnyPlNZT,Dominique Cerejo,50,7767,"['filmi', 'modern bollywood']",[]
2EXPnTIiQNYJHP91jyhoXT,Nirmal Singh,18,10,[],https://i.scdn.co/image/ab67616d0000b2734b2c592e511604a5cf5ae90d
2FKWNmZWDBZR4dE5KX4plR,Diljit Dosanjh,72,8221185,"['desi pop', 'filmi', 'modern bollywood', 'punjabi pop']",https://i.scdn.co/image/ab6761610000e5eb92103a69abd9fbf76d866374
2FPwX3Gh0w4Qr1v3zSTtcT,Papon,59,2224702,"['desi pop', 'filmi', 'indian folk', 'indian indie', 'modern bollywood']",https://i.scdn.co/image/ab6761610000e5eb0dd274246ecf6019bfac1aef
2FgHPfRprDaylrSRVf1UlN,Thaman S,66,2731343,"['filmi', 'tamil pop']",https://i.scdn.co/image/ab6761610000e5ebd8ee48716280f5ad1b1c06d7
2GoeZ0qOTt6kjsWW4eA6LS,Darshan Raval,73,4053642,"['desi pop', 'gujarati pop', 'modern bollywood']",https://i.scdn.co/image/ab6761610000e5eb61e352af80cf3746c61e10a4
2IP4wcE4hRbDi1zdV8Si6g,Jaswinder Singh,49,352,['sufi'],https://i.scdn.co/image/ab67616d0000b2732d994dfdc16ee163324726a8
2IUtwMti1OiT3lkW6RubgH,K. S. Chithra,69,1010060,['filmi'],https://i.scdn.co/image/ab6761610000e5eb72dfdd5e1d46f1356481ecc3
2JEjaa7hWhE1BbL3OcoeFR,Sujatha,63,480849,"['filmi', 'malayalam pop']",https://i.scdn.co/image/ab67616d0000b273272041cc504e3a2b10d986c9
2K7EqRxl5Jov9424M6Jb9j,Bela Sulakhe,17,390,[],https://i.scdn.co/image/ab67616d0000b27391948def20cfe89a6285cd56
2KhDedackjZfysiu7T7AwN,Megha Sriram Dalton,42,47,[],https://i.scdn.co/image/ab67616d0000b2733e6f0b77af8acd5592b615b1
2KoCq1Fj7EfFpSm69UqCQK,Enkore,23,56,[],[]
2L16nDKTxhFGaDriR2AHTB,Lucky Ali,58,1126332,"['desi pop', 'filmi', 'indian indie', 'modern bollywood']",https://i.scdn.co/image/ab6761610000e5ebb85613573863aee82c3b2351
2LgKrgRJcbJlt14i1LTzDU,Amit Mishra,55,385566,"['desi pop', 'filmi', 'modern bollywood']",https://i.scdn.co/image/ab6761610000e5ebf1d5222e64aed9da230fd501
2LtSNhjLF0YPtPeC66Bd0f,Manish Kumar Tipu,46,114,[],[]
2M8ZZEQdxPXHTee5xxkC3M,Khushboo Jain,36,633,['bhojpuri pop'],https://i.scdn.co/image/ab67616d0000b273eb7269ae0852530bc3414724
2ME9akyjf2IaOM5DLTqHUS,Sapna Mukherjee,40,2168,[],https://i.scdn.co/image/ab67616d0000b2738dc35364c929cc4bf8b07b11
2MMPzBpMeCZVPRnV5mddc3,Aman Trikha,49,755,['filmi'],https://i.scdn.co/image/ab6761610000e5eb6b1fb18b41c5f582e3d0d7cb
2MjHxJA6At6hHkOg2UPWed,Suzzan,23,25,[],https://i.scdn.co/image/ab67616d0000b27359273e8e667bdaad25b0798a
2NoJ7NuNs9nyj8Thoh1kbu,Hariharan,67,2080202,"['filmi', 'ghazal', 'tamil pop']",https://i.scdn.co/image/ab6761610000e5eb65a752ef61def4fc6f67fc5a
2OVLBzkKfXNYjepvdH5oSS,Hashim Sabri,26,18,[],https://i.scdn.co/image/ab67616d0000b2736b6594568cd077023aa82091
2Q0ItURCGZd8c7JF8kbjvY,Anuradha,46,360,['odia bhajan'],https://i.scdn.co/image/ab67616d0000b273898cc01963c93c88c4dc4678
2S7i3wOcMLQHH6DwcMHrG9,Farhan Sabri,51,199,[],https://i.scdn.co/image/ab6761610000e5eb97f21e4ad67bd2a7c2f292a1
2ScHxvyRvvGRGfdUgB7K26,Hrishikesh Kamerkar,35,213,['marathi pop'],[]
2TmWCKfrFiN6j5eBcIA13p,Poorvi Koutish,32,437,[],https://i.scdn.co/image/ab6761610000e5eb3460c0b2cdd3ec2ad33387c6
2TtFAgogwuEBvXe7DecRzq,Ehsaan,44,88,[],https://i.scdn.co/image/ab67616d0000b2730f74c4034578d104e964bfa7
2UwDJeoMqYers5Jmm75zm2,Antara Mitra,62,44891,['modern bollywood'],https://i.scdn.co/image/ab67616d0000b2730d3c62243bd4adf8902f7ee2
2X38jO2RYETr4jcb77rAnr,Kunal Pandit,28,270,[],https://i.scdn.co/image/ab6761610000e5eb749ea781455a835738cb467a
2Yf4MRVpt0rcAd5y5h5ph1,Caralisa Monteiro,48,423,['modern bollywood'],https://i.scdn.co/image/ab6761610000e5ebf43a8d87d4810aa05739b2ef
2ZRrPOjBIWoKK5rHedLijj,Abhijeet,62,1312083,"['classic bollywood', 'desi pop', 'filmi', 'modern bollywood']",https://i.scdn.co/image/ab67616d0000b273d736fc28a7debb454b0ae3fd
2aPBdZSms119M8TDdUQg1g,Tarannum Malik,33,2202,['modern bollywood'],https://i.scdn.co/image/ab67616d0000b2731c220df9a44cc8bcbb289718
2aQwTlkoTyIPVAxSf5CXEe,Tarun Sagar,31,120,[],https://i.scdn.co/image/ab67616d0000b27382f6c7f8fb8de09eb52ae5a5
2ae6PxICSOZHvjqiCcgon8,S. P. Balasubrahmanyam,72,2559982,['filmi'],https://i.scdn.co/image/ab6761610000e5ebc4ab3514db806520757ac706
2bIg95CGHmriFZX7MsnFRK,Toshi,46,2360,[],https://i.scdn.co/image/ab67616d0000b273d92b72d41ce3940d8914174c
2bQv65MFDaU3dRb26fgNr1,Ahmed Hussain,29,3746,['ghazal'],https://i.scdn.co/image/ab67616d0000b273535d120abf6c26c9ef4e95e3
2bTGY9UVyZI7EKnrfgnfhD,Pranab Biswas,22,194,[],https://i.scdn.co/image/ab67616d0000b273a11aca6c015c8f1dfec095dd
2bfyLSCw72lQ5qoD8cdVBB,Sreerama Chandra,48,91641,['tollywood'],https://i.scdn.co/image/ab6761610000e5ebc18481361a13caec5edb2359
2c611LmH4IBVZJ8pPLA2WG,Bapi,16,27,[],https://i.scdn.co/image/ab67616d0000b2739738de76b175fddde575fe5b
2dnnS3sjCk9OHns6kAYI19,Pardeep Singh Sran,43,200,[],https://i.scdn.co/image/ab67616d0000b2733420c3d84f78ea149550d004
2eOZNXw0A4cQKmsVPpIcMY,Sultan Khan,46,20450,"['hindustani classical', 'hindustani instrumental', 'indian classical']",https://i.scdn.co/image/ab67616d0000b273946b2d083cf7a953b0b6d06b
2fMqTqiTxUDlmcOEPaQSsx,Amitabh Bhattacharya,63,5203,['modern bollywood'],https://i.scdn.co/image/ab6761610000e5eb9ead3cc9a2db015a9871ecdd
2gFFvbbdzYzzWltI2HkZEV,Nooran Sisters,45,27448,['indian folk'],https://i.scdn.co/image/ab67616d0000b2732b92c82f2e0dc6eb0ef337c4
2gTPBFjo3M9rvMSZWTk9nT,Qadir Khan,51,156,[],[]
2grj0KQLi1jLIaOvCywgNH,Rosalie Nicholson,28,35,[],https://i.scdn.co/image/ab67616d0000b273a1d9516b50d88db211ddad8d
2gx40I2yvb1e5x3iQSg5bO,Surjeet,3,2,[],https://i.scdn.co/image/ab67616d0000b273066df8cdcbf3371a425c6742
2hJTY1yDF7JJM6cojIjem4,Ameesha Patel,0,114,[],[]
2hXVHmVZtL2yidJuyKF7rW,Baby Miss Pooja,26,46,[],[]
2hgViyN0RqyQQpfjIb0g3W,Richa Sharma,54,23819,"['classic bollywood', 'filmi', 'modern bollywood']",https://i.scdn.co/image/ab67616d0000b2735e18a3eee4ef16f48d2cd62c
2hxDtWT09locLUsjCoHCMZ,Birju Maharaj,36,792,['hindustani vocal'],https://i.scdn.co/image/ab67616d0000b2739980d1d5609f3b0c3f1659ac
2iMLFmSsfgkQjyIg8Y6QVj,D Soldierz,37,571,[],https://i.scdn.co/image/ab67616d0000b2733809960c97ab241bcfba7a0c
2ijWbN5KykTYiBoVmhzCTU,Jagjit Singh,58,1232293,"['classic bollywood', 'desi pop', 'filmi', 'ghazal', 'sufi']",https://i.scdn.co/image/fd8f374ce79d829d92ef5448fd6239a438b0d5f4
2j9QVMZlqIj4Cb9UISBrXK,Clinton Cerejo,56,247623,"['filmi', 'modern bollywood']",https://i.scdn.co/image/ab6761610000e5eb8577e51580bc3d6e4d27e1b2
2jqTyPt0UZGrthPF4KMpeN,Bappi Lahiri,54,518876,"['classic bollywood', 'desi pop', 'filmi', 'modern bollywood']",https://i.scdn.co/image/ab6761610000e5eb55a6d0bb223dbe4d87b8470b
2kEyCJkvBF1gpeY6EuvIIe,Bapi-Tutul,8,170,[],https://i.scdn.co/image/ab67616d0000b2737090945ec38eb65dd403d7dc
2kUxI9BlfC8j2cx2hdkPIj,Natalie Ram,39,22,[],[]
2o4R2rK7FetH40HTv0SUWl,Monali Thakur,58,285685,"['filmi', 'modern bollywood']",https://i.scdn.co/image/ab6761610000e5eb47e570acc8634103496c9cfe
2oSONSC9zQ4UonDKnLqksx,Atif Aslam,74,5937662,"['classic pakistani pop', 'desi pop', 'filmi', 'modern bollywood', 'sufi']",https://i.scdn.co/image/ab6761610000e5ebc40600e02356cc86f0debe84
2oeTqp8DgAmtnP2WGc1OS2,Naezy,44,506900,"['desi hip hop', 'hindi hip hop']",https://i.scdn.co/image/ab6761610000e5ebed9d3a48870acdfb0d711589
2pkGljXvkctf14CNjDRWug,Arshad Warsi,24,480,[],[]
2q2fr5eoimSKZ7afRKbsJU,Bunty Rajput,22,355,[],[]
2rq6ihCDvvXkVHaB4FgZGn,Arun Ingle,17,127,[],https://i.scdn.co/image/ab67616d0000b273c4a6037416a5d60637ada70b
2tFjeCx8NJhn7JBTTiWT30,Sapna Awasthi,48,4027,['bhajan'],https://i.scdn.co/image/ab67616d0000b2739985d84d29063f57bb74c458
2vdTNHzAv3vnaxfiz8MYtB,Soham Chakraborty,38,501,['filmi'],https://i.scdn.co/image/ab67616d0000b2737b6535b74b0b76e4782fa4d4
2wX6xSig4Rig5kZU6ePlWe,KSHMR,71,1570224,"['big room', 'edm', 'electro house', 'indian edm', 'pop dance', 'slap house', 'tropical house']",https://i.scdn.co/image/ab6761610000e5ebd1db941d6e307ab229651fae
2xI11hL9kYUDvIdH4HBc1w,Anil Kapoor,14,6298,[],[]
2yxX2XZyWVBpVX3pNaG0UF,Mujtaba Aziz Naza,47,340,[],https://i.scdn.co/image/ab67616d0000b2734b0b212399f272de1a947d8f
2zGP2SUtwsDhdyYzf0kKp8,Vaishali Samant,47,642737,"['classic bollywood', 'filmi', 'marathi pop']",https://i.scdn.co/image/ab6761610000e5eb9aed744668662b9dd7381caa
2zLJk6hSb9TMtU8XZ6Ne7t,Iulia Vantur,44,240,[],https://i.scdn.co/image/ab67616d0000b27357683061f6fb746c2714f825
30DC0uyycct5LGcqhzE6a3,Sharvi Yadav,44,785,[],https://i.scdn.co/image/ab67616d0000b273cf3b1ce2bc67083ef29cb828
30wJusyU4fVHzMW3m8Zodc,Sachin Sanghvi,55,13927,['gujarati pop'],https://i.scdn.co/image/ab6761610000e5eba3cf484d556813465ed4a381
30zahY0j7ePlEzSJFBDZP4,Ram Madhvani,15,4,[],[]
324yz9K4ufBcGkcgUhTiHH,TUSHAR JOSHI,41,1015,[],https://i.scdn.co/image/ab6761610000e5eb6b3e5c577beecf0bdf6f6655
34qWfkLW2mSlqts5iQHQlC,Rakesh Pandit,31,344,[],https://i.scdn.co/image/ab67616d0000b273d8421818f1a625dd8ed08b57
35h6ceVCna2uEoTivtnY6O,Brijesh Shandailya,20,170,[],[]
35jsUTwBj5cW9GuNB7Xp61,Hamsika Iyer,53,3399,['modern bollywood'],https://i.scdn.co/image/ab6761610000e5ebf7d06ae8ac4c7e1ed53cc2aa
36PhliRTCrZmzfxaqIlXR7,Sanjeev Rathod,38,39,[],[]
37IHSwzDKNSluvUgmWhOKZ,Ranbir Kapoor,30,16636,['modern bollywood'],https://i.scdn.co/image/ab6761610000e5eb2f2cdc907cc8df8276cfcf82
37dW5exIcXrrHEMmiItJas,Julius Packiam,52,2342,[],https://i.scdn.co/image/ab67616d0000b273576521b1bf3ec2fd7fdfcbd5
37q4Yd87zFhJmXx5Xn7v35,Shivai Vyas,35,2096,[],https://i.scdn.co/image/ab67616d0000b2739ee1e26deef96d0eb8378848
38IHJBGBuaYXHEkIQd4DtF,Altamash Faridi,60,5053,['modern bollywood'],https://i.scdn.co/image/ab67616d0000b27382cb3bc4dcd36a99c12ac1c1
395OeSi66pcCZlnmXwkhB6,Prashant,29,77,[],https://i.scdn.co/image/ab67616d0000b273c51dfc5aa077e3fcaec80117
39fT56OHEL2E98zDKrqBsC,Nikhil D'Souza,60,61040,"['desi pop', 'indian indie', 'modern bollywood']",https://i.scdn.co/image/ab6761610000e5eb6922454a7474bd3ca3421eca
39nPl2OnVXyxuBApjXkGmj,Shivam Pathak,47,10871,['modern bollywood'],https://i.scdn.co/image/ab67616d0000b2732bea393b49f9ff91e228766f
3A0KKiYc0pEnJ0Jw5U4gr2,Caralisa,45,299,[],[]
3BAOzRjHe8qlURUC3fDSTf,Rahul Sharma,28,5681,"['hammered dulcimer', 'indian fusion']",https://i.scdn.co/image/ab6761610000e5eb23952076d748207c505c76a9
3BIx6xsszCjtK04FkqykzM,Iqbal Afjal Sabri,17,121,[],https://i.scdn.co/image/ab67616d0000b2737e9c6185da9f50af59585f0c
3Bku4b0uiR8KJSXu7U8Iyy,Anand Bakshi,56,2664,['classic bollywood'],https://i.scdn.co/image/ab67616d0000b2732458b3ff529345f251a6d001
3C27TE3ogOrBaZ2Kvd9QIf,John Stewart Eduri,26,2256,[],https://i.scdn.co/image/ab67616d0000b2739a6fe310223a633464f54251
3DWbhNPz642SpTneSTHJv7,Labh Janjua,54,187634,"['filmi', 'modern bollywood']",https://i.scdn.co/image/ab67616d0000b27329fac716d947103c1da6113a
3EZ5CQuVFG8xHHGXNCyFNG,Murtuza,34,10,[],[]
3FaK33nZSYnD31DMi1Kv4m,Amole Gupte,15,6,[],https://i.scdn.co/image/ab67616d0000b2734c7ab6ab58b32a3fd1b21d99
3FgHkfb3IqG4WKuVe1xCXM,Sukriti Kakar,56,123390,"['desi pop', 'modern bollywood']",https://i.scdn.co/image/ab6761610000e5eb933782dcc897f0a66b332dc9
3G7FzZcUD7vMQleDVciCVX,Subramaniam,14,231,[],https://i.scdn.co/image/ab67616d0000b273d667b604dba6ef628fefd299
3GBSge8pq7mpezUQl0GAOA,Kausar Munir,56,260,[],https://i.scdn.co/image/ab67616d0000b2736c44926d053b033447e4e710
3GdSQUH1BRtl9UrrtuwJlP,Irshad Kamil,58,650,[],https://i.scdn.co/image/ab67616d0000b273cd9a9ce0bb3524d2c9e6b105
3Gi5WZ5YvHYmSlWn7tq3kd,Sanjay Dutt,31,16581,[],https://i.scdn.co/image/ab67616d0000b273fb446e8daa37c07c3d22f8e1
3JqLIaqFNYx4cryIkdBhY5,Chantz,21,140,[],https://i.scdn.co/image/ab67616d0000b273d7d8c74b85173e4c8be0b9cd
3K9qRRRqtuxgBRLxRCxpDl,Srinivas,57,780230,"['filmi', 'mollywood', 'tamil pop']",https://i.scdn.co/image/ab6761610000e5eb8e84d376cd7e602388fe73ef
3M8OKPsQvP1U8WkG5lY4Vy,Shabbir Kumar,45,64927,"['classic bollywood', 'filmi', 'ghazal']",https://i.scdn.co/image/ab67616d0000b273395dbb419875a614efe682c3
3NzhVoa20crNtp1p4zE8um,Mano,59,288252,"['filmi', 'tamil pop']",https://i.scdn.co/image/ab67616d0000b273a08829bd67d7e838ebd13776
3O4inKp31pcolbyohgKuYa,Kushal Chokshi,34,1562,['gujarati pop'],https://i.scdn.co/image/ab6761610000e5ebeb730519d7caeed9c7b99c64
3OLGltG8UPIea8sA4w0yg0,Rahat Fateh Ali Khan,69,6747804,"['classic pakistani pop', 'filmi', 'modern bollywood', 'qawwali', 'sufi']",https://i.scdn.co/image/ab6761610000e5ebac45eaf028dc58810df0f382
3PM03jM3FqYLQqqHQMRNhU,Zoheb Khan,23,24,[],https://i.scdn.co/image/ab67616d0000b27319f4c6d8a73684d54f629cfe
3PSN562cYlQl2WXvj9CQiB,K Kay,29,84,[],https://i.scdn.co/image/ab67616d0000b27383cb9dfccb715c0cca51bd57
3PpjqSKBer3obW6lDflOBx,Ram Sampath,50,130534,"['desi pop', 'filmi', 'modern bollywood', 'pakistani pop']",https://i.scdn.co/image/ab6761610000e5ebf910a1dfcf7fdad69276b3ba
3QSkMsj71gq33qVAGpXNp8,Piyush Kapoor,26,60,[],https://i.scdn.co/image/ab6761610000e5eb380d0c684d18615a1913d75b
3QiCEtWb4YCWTGa8NZc3bJ,Kanika Joshi,31,80,[],https://i.scdn.co/image/ab67616d0000b273646b7bc9e638d3601bc85a72
3RDOiwcPufckpVDe8iAt94,Shashi Suman,37,2722,[],https://i.scdn.co/image/ab67616d0000b273d0c2b234c2b2c5fd10b39511
3ReIQon5ZkSQK8eC2OvRha,Sachin,32,1743,[],https://i.scdn.co/image/ab67616d0000b2733b942fe9a4905fae4b5b01ee
3SBWeRybza4sJUr6Kjmft2,Shah Rukh Khan,38,187854,['modern bollywood'],https://i.scdn.co/image/ab6761610000e5ebd3b9cce395e9b88684af3a59
3TOhzLRYnkkul71yRBxIoM,Akhil Sachdeva,62,157880,"['desi pop', 'modern bollywood']",https://i.scdn.co/image/ab6761610000e5ebb941c0e36b3add2f0cc0d996
3U0AWUPY4EpYkVF4huzEMn,Dj Nawed,1,1,[],[]
3UpmjPgIFSGqnxXuiwD014,Javed Akhtar,55,39324,"['classic bollywood', 'filmi']",https://i.scdn.co/image/ab6761610000e5ebe238fdbc572e920322b68d4e
3W6xwT7LnBITpBcqdRq3lm,Amanat Ali,37,17070,"['classic pakistani pop', 'pakistani pop']",https://i.scdn.co/image/ab67616d0000b273352ba7c7d429d10b85062c03
3XFmUXisMJohbQOwHhKHB5,Pronob Biswas,15,3,[],[]
3Y24UY463kttOxNYMH9X2u,Dominique,40,51,[],[]
3Z55sVrTnAucpZTm2jYNOY,Dj A-Myth,38,50,[],[]
3ZQ3NPlEDETPGdNGppwaN1,Kadir,8,69,[],https://i.scdn.co/image/ab67616d0000b2739ef3c076142581b7e03ada4f
3ZxZ03fj3tXBZHZWzvaLSM,Neeti Mohan,70,1537626,"['desi pop', 'filmi', 'modern bollywood']",https://i.scdn.co/image/ab6761610000e5ebd58a2ea99586d8e732634b7c
3cXNzZYIOUpv22w4iJm42t,Vajid Ali,39,59,[],[]
3cY5ariKFsYqoHm8n2ccvD,Krishna Beura,38,4519,"['filmi', 'sufi']",https://i.scdn.co/image/ab6761610000e5ebb0b631590c7cf21cd1cf783f
3cqeO3muWIW5uSmUDNCmyT,Rekha Bhardwaj,60,978561,"['classic bollywood', 'desi pop', 'filmi', 'modern bollywood']",https://i.scdn.co/image/ab6761610000e5ebcf7bc93ad55d6ee3d19c0c4f
3dGFv554LH2mIFQqmNB7qe,Mohd. Hussain,27,11,[],https://i.scdn.co/image/ab67616d0000b2732f2c66aadde3dc5987e9bd8a
3dN9MQpjIyNxyeRfz4EDZe,Rochak Kohli,71,85108,"['desi pop', 'modern bollywood']",https://i.scdn.co/image/ab6761610000e5ebf5307f741767ab8da198a0b9
3eD8Whpe2NYdslFWQfKnQl,Vaishali Made,38,2786,[],https://i.scdn.co/image/ab67616d0000b273af3193ffc332d77eb6716524
3eDT9fwXKuHWFvgZaaYC5v,Sunidhi Chauhan,71,7311347,"['desi pop', 'filmi', 'modern bollywood', 'sufi']",https://i.scdn.co/image/ab6761610000e5eb8b57828c65aa06af340077b4
3eGOrawJUSt0rdW3ifPeNG,Sultana Nooran,24,151,[],https://i.scdn.co/image/ab67616d0000b2733b4819cae64e614bb256af9b
3ewNnM9FpLBuO8TVCLY51L,Kartick Das Baul,5,811,['bengali folk'],https://i.scdn.co/image/ab67616d0000b273895fd44d07857f248dd56f74
3gBKY0y3dFFVRqicLnVZYz,Alka Yagnik,74,4019453,"['classic bollywood', 'desi pop', 'filmi', 'modern bollywood']",https://i.scdn.co/image/ab6761610000e5eb935b2dd507212bd72a71d7f9
3gdKEsvYBUHdtLMmECIN4q,Brijesh Shandilya,51,1169,['sufi'],https://i.scdn.co/image/ab67616d0000b273fdb9cbec60d16e3f14c542a3
3gmebBot45b8kdvyFB8dwM,Prachi Mayekar,17,5,[],[]
3hmboaiYDw7hqBWQZ5TJQX,Pawni Pandey,49,1367,[],https://i.scdn.co/image/ab6761610000e5ebac97179d9ebbd5f4bfaa86bc
3ht0ARIdsxJsiX1dlIOy8W,Prasanna S,1,0,[],[]
3iKy4pbgfLe2u8YTKl1v8B,Robert Bob Omulo,38,24,[],https://i.scdn.co/image/ab67616d0000b2732436d7f6366bfebeff0bfe0b
3lUySVXDie8nAZIWmNSbTH,Indie,25,2260,[],https://i.scdn.co/image/ab67616d0000b273109c7b3f4a4266315890da3e
3m1AeR9ODWpnXqeHQ4VdS7,Sonali Bhatawdekar,27,29,[],[]
3mFT6DcY8b6xLtSgtMxXGd,Gayatri,29,2280,[],https://i.scdn.co/image/ab67616d0000b273a3997777a24f5f575defe68c
3mpgtUc7wYBNjr04gEiQ4u,Zubeen Garg,53,179771,"['assamese pop', 'filmi', 'modern bollywood']",https://i.scdn.co/image/ab6761610000e5eb13a93d5076980f626d48fa6d
3mxHOkL6ulqrmBYXqSTGLw,Mohammad Salamat,34,158,[],https://i.scdn.co/image/ab67616d0000b27311f62588f6d39319be592662
3nQ125TJobosBH446Dsvvv,Kavita Seth,60,117717,"['filmi', 'hindi indie', 'indian indie', 'modern bollywood', 'pakistani pop', 'sufi']",https://i.scdn.co/image/ab6761610000e5ebbe2182ee50e1ddccbd7c2c92
3nsUrn0gMgijldsTCWbCn0,Dj Naved,18,10,[],[]
3oinJWo0iD7MVnojA8R8WP,Nandini Srikar,51,18570,"['filmi', 'modern bollywood']",https://i.scdn.co/image/ab67616d0000b2736046a66ee13d4cd1a66aeb80
3pAXRgYOr34NqgxjOMGYJM,Nawab Saab,5,8,[],[]
3pLjRgpvK5a4AisqAwemjD,Kilogram K & G,6,1,[],[]
3pW6nJAh84iZ2DsWKYf6wl,Sehar,29,45,[],https://i.scdn.co/image/ab67616d0000b273bf614a5b1ac102c3dbf9f720
3qdu3XhzSzkRhbwdFKnSuw,Sajid-Wajid,53,816167,"['desi pop', 'filmi', 'modern bollywood']",https://i.scdn.co/image/ab67616d0000b273c52900b39ef7ae005e6ec58d
3qnsN7WTgndwqTiBHelp6S,DJ Shadow Dubai,41,12309,[],https://i.scdn.co/image/ab6761610000e5ebed8c0d34817fdf25cd5075bb
3qpyErDI4i90q5EGgSRmNK,Raghav Chaitanya,44,23347,"['indian indie', 'indian singer-songwriter']",https://i.scdn.co/image/ab6761610000e5ebdee2890e036f686e55e43134
3r4HOyyBpGvNIyajw3mcER,Ismail Darbar,29,157881,"['classic bollywood', 'filmi', 'modern bollywood']",https://i.scdn.co/image/ab67616d0000b273d8ea7a41af1775559b857d68
3rsSipsr4Fj3g2a6NpJw8B,Banjyotsna,35,22,[],[]
3sJT9h3FzTuF9ak8Q2Iy5O,Sarosh Sami,33,36,[],[]
3t4P7aXVor3NxlJPZxLzOQ,Kunal Ganjawala,55,882195,"['desi pop', 'filmi', 'modern bollywood']",https://i.scdn.co/image/ab6761610000e5eb41cfd898aecb39498db2a76b
3t6Iq4sqaGgmJfJLR199If,Saif Ali Khan,27,2369,[],https://i.scdn.co/image/ab6761610000e5eb3f87c1b5d68c18f37102f092
3tHD07u1ON4uHxmnT9rwqZ,Neeraj Shridhar,62,563486,"['desi pop', 'filmi', 'modern bollywood']",https://i.scdn.co/image/ab67616d0000b273e4d27291254d4a9937dd5780
3tPQOjkxO3mrYrrgkTeXgH,Nikhita Gandhi,72,31635,['modern bollywood'],https://i.scdn.co/image/ab6761610000e5eb5328de055afe34eccf1faeba
3v8isPrc8btWVMF3bnOIcj,Murtuza Khan,51,186,[],[]
3vErUznzokvyrpWN6stdse,Priyo Chattopadhyay,6,4,[],https://i.scdn.co/image/ab67616d0000b273ddcf6a77f4a9e7d1fdcd7f1b
3vJxJcGRIPwNnWnZwO4vmq,Meghna Mishra,38,3174,['modern bollywood'],https://i.scdn.co/image/ab6761610000e5eb71f90aac4a69eb4a0156a30d
3vXBH4XwXSLM1YIrRBt98k,Mohammed Aziz,52,62120,"['classic bollywood', 'filmi']",https://i.scdn.co/image/ab67616d0000b273118d320981b8754f8733ca1e
3wZBspj86lRk2XLf4gfnSE,Shruti Pathak,59,34861,"['filmi', 'modern bollywood']",https://i.scdn.co/image/ab6761610000e5eb80fff6ec62db5fcd727f3577
3wjaprBWmoSJn4KP9tgkxt,M. G. Sreekumar,56,192693,"['filmi', 'mollywood']",https://i.scdn.co/image/ab67616d0000b2736d59ce358bff694bc07d003a
3xU8YsNNkmWSPewlB18NUz,Harshdeep Kaur,64,2149254,"['desi pop', 'filmi', 'modern bollywood', 'sufi']",https://i.scdn.co/image/ab6761610000e5ebb9d16d3b1456ba2c779acb66
3xZnxcyeC0vVaJvEA9VqrA,Jassie Gill,61,2517903,"['desi pop', 'punjabi pop']",https://i.scdn.co/image/ab6761610000e5ebc809cd7411fc14cf1f463b78
3yMmYEklQ7gLOZXEFNd3xr,Palak Muchhal,67,2573366,"['desi pop', 'filmi', 'modern bollywood']",https://i.scdn.co/image/ab6761610000e5eb37d0a183ce70dd31008f5622
3yjKvP7LiyIw2dzB5CCGxM,Neeraj Rajawat,28,6,[],[]
415IqB28Mx1dvflUHZSVXR,Rana,11,162,[],https://i.scdn.co/image/ab67616d0000b273ca56d4a071623b10968c9348
418X5slNWlJwym4x3Oq3Cs,Lisa Mishra,58,15794,['desi pop'],https://i.scdn.co/image/ab6761610000e5eb20669bed10739675e5f44c28
42hSYLTMRQgvLZnE1E5YyS,Earl Edgar,44,223,[],https://i.scdn.co/image/ab6761610000e5eb66b831b157fa22fcaec0cf2d
42jgHGbOryNOmlSgJPGljN,Suhail Kaul,33,1328,['modern bollywood'],[]
42lH1BZdeeLF5LW02tpKgB,KIRTI SAGATHIA,45,43,[],[]
4332VVki82ANHk0h50mCmU,Pamela Chopra,29,1367,['classic bollywood'],https://i.scdn.co/image/ab67616d0000b273bb2c63250ab943cf95e15bac
43HISrjODKRhYtxDRAWaPD,Bali Brahmbhatt,32,633,[],https://i.scdn.co/image/ab67616d0000b2738c3c1b91d9f92120bcbd5c90
465OXuCU8YZNmVG1leLwQ9,Shashwat Sachdev,55,4652,['modern bollywood'],https://i.scdn.co/image/ab6761610000e5eb0a0a2b09d8926fa4c5485dce
48RCl7AbbfhC60EN8a80Op,Jigar Saraiya,58,7668,['modern bollywood'],https://i.scdn.co/image/ab6761610000e5eb3549572f042d795a0149f2cf
49CLAvJ5RTy5SFYfvgzfmP,Juggy D.,26,7,[],[]
4Ai0pGz6GhQavjzaRhPTvz,DIVINE,66,3635132,"['desi hip hop', 'desi pop', 'desi trap', 'hindi hip hop']",https://i.scdn.co/image/ab6761610000e5eb684efa168b62d00d32d790ef
4BBdp811wrWrr1zk9dENUE,Pamela Jain,45,42736,"['classic bollywood', 'filmi', 'gujarati garba']",https://i.scdn.co/image/ab6761610000e5ebed83e7140229f0eb34cc88c9
4BJetmOV0oJ5dNGKxmFv3D,Damyanti Bardai,26,7608,['gujarati garba'],https://i.scdn.co/image/ab67616d0000b2734c65219bcbfbd3c43623f332
4BTpn8TkJe0FnqlpTY1ZJ2,Amrita Kak,42,141,[],[]
4DqSAnlpn10M4pHUFPEt4E,Blaaze,54,3054,['filmi'],https://i.scdn.co/image/ab6761610000e5ebf6e1204200d6fdbcef5d3277
4E5oyNFcB3uXLkLdjYmP9Z,Neha Bhasin,53,337896,"['desi pop', 'filmi', 'modern bollywood']",https://i.scdn.co/image/ab6761610000e5eb32f074eb6aa3cf605c37b541
4EAkJcNiGJXyZ4p5iNlgHe,Amar Mohile,29,14759,[],https://i.scdn.co/image/ab67616d0000b273e3211ac99fafc270da4cf68f
4ENjjSC5AKISXNntJ3bgUN,Viveick Rajagopalan,20,3143,"['desi hip hop', 'marathi hip hop']",https://i.scdn.co/image/ab6761610000e5eb871fc5578b069a856fbe6695
4EdfbFPeoKHpRqKI4oju8f,Koushtuv Ghosh,7,2,[],[]
4ElZHs8c4KNEt9Mn4eYsH6,Ashvini Shrinivasan,6,6,[],[]
4FJhE5ToBQGzOGf0D5Xd1C,Abhijeet Srivastava,54,7316,"['desi pop', 'modern bollywood']",https://i.scdn.co/image/ab6761610000e5eb135bb6156732cf841ee2d2da
4FSpDymqlrZDXEQ0BmUPoZ,Murtaza,4,22,[],[]
4Fd9MibFXkJgkVQbhMkiPs,Ananya Nanda,23,255,[],https://i.scdn.co/image/ab67616d0000b273f32b061a834f697cd505de64
4FhmGc9lD5PO3ZrPPDGiRV,Miraya Varma,37,146,[],https://i.scdn.co/image/ab6761610000e5eb45e5089a4995b1ba3228cb2d
4GEyPR3J4DYvuTRuPJQ0CW,Anvita Dutt Guptan,46,27,[],[]
4HQeSXwG2BVH0KvxHE5oCf,Suzanne D'Mello,58,3228,"['filmi', 'modern bollywood']",https://i.scdn.co/image/ab6761610000e5eb6fa9a4ee7a614a28852062cd
4IBgX0QOA3w4FVMlWkcDWh,Raman,30,29,[],https://i.scdn.co/image/ab67616d0000b27324ea5b8034239450f40335ca
4IKVDbCSBTxBeAsMKjAuTs,Armaan Malik,71,12427491,"['desi pop', 'filmi', 'modern bollywood']",https://i.scdn.co/image/ab6761610000e5eb85e4f35259f1f2cf0c715ca3
4ITkqBlf5eoVCOFwsJCnqo,Harrdy Sandhu,68,2643345,"['desi pop', 'punjabi pop']",https://i.scdn.co/image/ab6761610000e5ebe7d9c55ce4f6a1dbbea460a1
4ItzUQL1OI4JNDGNdKHR1K,Navraj Hans,47,4823,['modern bollywood'],https://i.scdn.co/image/ab67616d0000b2739e46b6804ab535f8e81c1008
4K4N32uNO1VRSY4hB7v8kg,Anushka Manchanda,52,71249,"['filmi', 'modern bollywood']",https://i.scdn.co/image/ab67616d0000b273c9801c31919e91bc30900ddb
4K6blSRoklNdpw4mzLxwfn,Kumar Sanu,69,4488542,"['classic bollywood', 'desi pop', 'filmi', 'modern bollywood']",https://i.scdn.co/image/ab6761610000e5ebdd546aa61ed7b95b04b4d8c3
4KGyzXEhKAggXoKCuifz36,Suneel Darshan,6,22,[],[]
4KhvjZipaZOu8JRG8YQA92,David Klyton,14,7,[],[]
4L0JycQCCwKksT3G5SVApu,Shweta Pandit,50,2331,"['filmi', 'modern bollywood']",https://i.scdn.co/image/ab67616d0000b2738db582ce50d9c38b75fe2754
4LHGGLxTnMfvlQQzOzZf8D,Vivieanne Pocha,34,261,[],[]
4LSXzxwwtTw0uutkiIl8Qk,DJ Jay Dabhi,19,99,[],[]
4LnYRxNZVCTsDCO2xKjOn8,Shahid Mallya,55,15374,"['filmi', 'modern bollywood']",https://i.scdn.co/image/ab6761610000e5ebf0ca39df94d2f7fbf6aa6b98
4OFVqZNj0INA51VvzK3Lgw,Aakanksha Sharma,53,4201,['modern bollywood'],https://i.scdn.co/image/ab6761610000e5eb65c624e79842a99361b218d7
4OYgq5HqicvfcYOIyjsvYE,Manohar Shetty,42,104,[],https://i.scdn.co/image/ab67616d0000b273ce54b1f9973a47b65c9252a6
4QgYAlLZg8MREqZkNgsefx,JoJo,20,143,[],https://i.scdn.co/image/ab67616d0000b27374f19a1fed14d64a02899524
4RVnAU35WRWra6OZ3CbbMA,Kylie Minogue,73,1395023,"['australian dance', 'australian pop', 'dance pop', 'electropop', 'eurodance', 'europop', 'new wave pop', 'pop']",https://i.scdn.co/image/ab6761610000e5ebab2720cd7161ed8a2a203f3a
4RlnRVxKm3jnUzOP4czbIK,Yash Narvekar,53,9455,['modern bollywood'],https://i.scdn.co/image/ab6761610000e5eb430047dc4f378f7111022759
4RmQ7RmhDf5tDx8xZe2ldm,Ace aka Mumbai,23,1617,['hindi hip hop'],https://i.scdn.co/image/ab6761610000e5eb450fc214d25ab36af495badd
4SFPZ9CqZN654rjid2ud3y,Wayne Sharpe,6,59,[],https://i.scdn.co/image/ab67616d0000b273f8ebd9941c52435fb6a9f241
4SeAXyEmckKjoQoweI9fiT,Mike Harvey,18,128,[],https://i.scdn.co/image/ab67616d0000b2735da5e18b4f9a33d42e737c21
4TAyoRW9A6enHpy1qVqTw5,Hrishikesh Chury,24,9,[],https://i.scdn.co/image/ab6761610000e5ebeb3c0bab128d0468f3447cac
4TfiXd01xLFV0xg8PSCysH,DJ Suketu,39,81356,"['filmi', 'modern bollywood']",https://i.scdn.co/image/ab6761610000e5eb88b4e25ebc3478bffb70378e
4To4RYYWMcQx2XIZRlkgwj,Ujjayinee,36,36,[],https://i.scdn.co/image/ab6761610000e5eb2918e5906c515ea061355793
4VS3XraXs2LRsowQnQ7VFh,Lijo George,60,6502,[],https://i.scdn.co/image/ab67616d0000b2735d1a9843b241dc1ec1f30e26
4W6sGFb0SmqR0zbRzcEEVW,Prithvi Gandharva,28,27,[],[]
4W91bbPB2CTSsHwt7eqNl7,Javed Ali,66,2876358,"['desi pop', 'filmi', 'modern bollywood', 'sufi']",https://i.scdn.co/image/ab6761610000e5ebfb57ea4aa1085ed062416082
4Wil7eB65FIL818mwO5dIc,Abhijeet Sawant,39,671670,"['filmi', 'modern bollywood']",https://i.scdn.co/image/ab6761610000e5eb7bc8060cc3f46235c5729a52
4XTiRlcZr4ACFHAXgV34Sc,Adnan Dhool,44,3002,['pakistani pop'],https://i.scdn.co/image/ab6761610000e5eb799bb00b38046db2414b9864
4XouxrBFAt5IZb5y7uP4qN,Poonam Bhatia,18,25,[],https://i.scdn.co/image/ab67616d0000b273952d20b9dc583a1e74c90e00
4Xxi26Q3J73FVmLpBtLnH0,Desi Ma,27,345,['punjabi hip hop'],https://i.scdn.co/image/ab6761610000e5eb2c1da537d2d09ed9a4d5a6b2
4YRxDV8wJFPHPTeXepOstw,Arijit Singh,84,36944902,"['desi pop', 'filmi', 'modern bollywood']",https://i.scdn.co/image/ab6761610000e5ebb2b70762d89a9d76c772b3b6
4YgUVg4p7xtMOrOS4GjiJZ,Jatin-Lalit,64,127334,"['afghan pop', 'chutney', 'classic bollywood', 'desi pop', 'filmi', 'modern bollywood']",https://i.scdn.co/image/ab6761610000e5eb4b372f2d1081a20534632a64
4Z0t0LHjOjFRiv0mjBw206,Aditya Narayan,45,45750,"['filmi', 'modern bollywood']",https://i.scdn.co/image/ab6761610000e5eba786687d1e68c8babe3c58ba
4Z7fgPg7xFjaIVunM0ANF2,Sunita Rao,33,342,[],[]
4Zzi5X3zg2yzMjkwwxaYe4,Phoenyx,20,74,['geek folk'],https://i.scdn.co/image/ab67616d0000b273b49de858ab5fe183a38712b4
4aL6PYF766njiW0WELvEzj,Vibha Saraf,49,1542,['kashmiri pop'],https://i.scdn.co/image/ab6761610000e5ebccb3eb6dc41e40fc241d15a9
4auibajZua9Ld8sPMOmPYc,Harshit Saxena,45,20911,['modern bollywood'],https://i.scdn.co/image/ab67616d0000b2732432edc97b465e6db54d356b
4aykldlxvwj6cRQfhbfNMO,Anand Bhaskar,42,1231,[],https://i.scdn.co/image/ab6761610000e5eb0699b459101af39c8ee5b692
4eqUmWQwI1nm86edvyGsXy,Sandeep Chowta,38,30179,['filmi'],https://i.scdn.co/image/ab6761610000e5eb8ab6bd1aa13404beec362a45
4f7KfxeHq9BiylGmyXepGt,Tanishk Bagchi,79,881838,"['desi pop', 'modern bollywood']",https://i.scdn.co/image/ab6761610000e5eb50559387e7830328533792a6
4fEkbug6kZzzJ8eYX6Kbbp,KK,71,4135986,"['desi pop', 'filmi', 'modern bollywood']",https://i.scdn.co/image/ab6761610000e5ebb09a31f853166e721d4d46b2
4fZC6qJdzLtuN76WtWcAJg,Raj Sodha,29,15,[],https://i.scdn.co/image/ab67616d0000b27345b2c1107e44f3790af82382
4gDH40IWq1MRNcIx8JeeQt,Ravi K.,12,1,[],[]
4hCZ9pLG8HBhM4qCLCCtyC,Devendra Chitnis,23,4,[],[]
4hkB2bR5ek6lJChj6aunCn,Anuradha Paudwal,64,1637177,"['bhajan', 'classic bollywood', 'desi pop', 'filmi', 'ghazal', 'modern bollywood']",https://i.scdn.co/image/ab6761610000e5eb9c22e0ff8c09b0128f67393e
4iA6bUhiZyvRKJf4FNVX39,Vijay Prakash,61,1563991,['filmi'],https://i.scdn.co/image/ab6761610000e5ebdd9861f139278c57ca97f0be
4iKhzZlW5dpmbF2LWnNlPr,Dominique,40,294,[],https://i.scdn.co/image/ab67616d0000b273b6c6271f250ebc3d7b28d851
4iW4xSfMEIvrXM0Iu3aFDY,Aditi Singh Sharma,57,195625,"['modern bollywood', 'tollywood']",https://i.scdn.co/image/ab6761610000e5eb748dcf86ab5a39406b204a7d
4iwdpXHGVdQmBDm0UOAUKK,Soham Chakrabarthy,30,11,[],[]
4jjFGwZeoNCgtKuK37cn30,John Abraham,17,2331,[],https://i.scdn.co/image/ab6761610000e5eb4605d6373837de69b57d02f7
4kC0KjDKDzan8PsIglvzio,Farhad,21,5522,['classic persian pop'],https://i.scdn.co/image/ab67616d0000b2730829e70f66447a444e251224
4kTETBi8QdOwlpIuPHdSAj,Mehul Vyas,31,6906,[],https://i.scdn.co/image/ab67616d0000b2734777dc841911efda78f7909b
4kq8z3vydHjPDggxb16ErB,Nakash Aziz,62,110770,"['desi pop', 'filmi', 'modern bollywood']",https://i.scdn.co/image/ab6761610000e5ebc9c4d1e5539034f954875888
4lPVxB8tBvoJ3K2EeXMtZb,Nikhil Chinnappa,1,8,[],[]
4m6yzKz7zqqJwUFKzA7rbg,Dj G,13,1,[],[]
4mBxoO0pAcMbAwuTcrcLMc,Alisha Chinai,57,620352,"['classic bollywood', 'desi pop', 'filmi', 'modern bollywood']",https://i.scdn.co/image/ab6761610000e5ebbc93e04eb49c822f0079d455
4mRPyvdSBxARQIFeXXM13s,AKASA,56,41007,"['desi pop', 'modern bollywood']",https://i.scdn.co/image/ab6761610000e5ebb68235cb5f56becbfa334e7c
4nJ0kto93jDLHQKmpGeYS8,Anvita Dutt,36,197,[],[]
4oVMLzAqW6qhRpZWt8fNw4,Kailash Kher,63,2289622,"['desi pop', 'filmi', 'indian folk', 'modern bollywood', 'sufi']",https://i.scdn.co/image/ab6761610000e5eba8f79db51e1fbae4fc9f65dc
4ojkMVHjuDZgDXSJy5qs2h,Madhubanti Bagchi,60,1360,[],https://i.scdn.co/image/ab6761610000e5ebf26e4a2b62ecf009343b1502
4pqNtFxwANmVPDasGtrgAJ,Mallika Sherawat,13,153,[],[]
4pyZEsvjMlwUOsvWHl0MoP,Jordan,20,41,[],https://i.scdn.co/image/ab67616d0000b273a94464811461166840d01b03
4q7O0NIvhz0G1IgyfOmdcz,Swanand Kirkire,49,48110,"['filmi', 'modern bollywood']",https://i.scdn.co/image/ab6761610000e5eb1a4808f6894c894984351f5c
4qf5iWCSqeCW9TlbwO58bo,Jaspinder Narula,48,50797,"['classic bollywood', 'filmi']",https://i.scdn.co/image/ab67616d0000b27329aa38a5491a28700190cf5c
4qiiwDv76O8pI8hqppXGTS,Shaznine,29,8,[],[]
4qlMklDafDfvlTzv7FszYN,Veronica Mehta,31,144,[],[]
4rD8zSLMVjpdgJyW14Lokh,Rabbi,37,1683,[],https://i.scdn.co/image/ab67616d0000b273b951af0f4760bea8dc684b2e
4reUTWYBJ5qo98SW1sXMGv,Vineet Singh,49,314,[],https://i.scdn.co/image/ab67616d0000b273d107c5b82e7155490e8c8589
4rhk6lDh2srdV1a1qmIqGa,Shraddha Pandit,48,8606,['modern bollywood'],https://i.scdn.co/image/ab67616d0000b273ee4e5ab0943488508545f8a7
4sLklwvfOYr12fMGwrnlc7,Apache Indian,40,12518,['uk dancehall'],https://i.scdn.co/image/ab6761610000e5eb6ebf8087544961cad9ad09c1
4svvMm4TQnkphZJfhLCzzv,Ramya Behra,54,249841,['tollywood'],https://i.scdn.co/image/ab6761610000e5eb479af13e62ee5f2146fb7212
4tgxFlmtGx08MtTKWeqEuR,Amitabh Bachchan,52,760040,"['classic bollywood', 'filmi', 'ghazal']",https://i.scdn.co/image/ab6761610000e5ebe1ae5721ae3fcbccb237cdcc
4tma2wxDchrifG8Pflic4Q,Aadesh Shrivastava,43,35820,"['classic bollywood', 'filmi', 'modern bollywood']",https://i.scdn.co/image/ab67616d0000b2735a781cddf53875af527d2cc7
4txeWQ1ZsKlZjDHhFcYn40,Sharavan Suresh,7,2,[],[]
4uQodNxbtN3iAuSGSEg8QJ,Yash Chopra,26,677,[],[]
4uzmHUfUrA3khL1Ewmy20X,Madhu Vaishali,18,79,[],[]
4wNwQOhK9wWswrrwLnKhtK,Girl Band,8,100,['garage psych'],https://i.scdn.co/image/ab67616d0000b273a18c249c0a308d12a0ccda72
4xPHVHq5B7BX0h8XCOYWQw,Harjot Kaur,22,119,[],https://i.scdn.co/image/ab6761610000e5eb7ad2e1e6ebce636c72f749c5
4xd7mLI7urqrxELaXhAvzw,Shekhar Ravjiani,64,245265,"['filmi', 'modern bollywood']",https://i.scdn.co/image/ab6761610000e5eb2ffdd5760583588d520ec092
4xlqU0G9EloUPHL1qlmWY6,Gopi Sundar,55,208642,"['filmi', 'tollywood']",https://i.scdn.co/image/ab6761610000e5eb1a17377fa816d625eb8e7435
4yFYbL0NCcN36BpTmHSTa7,Annu Kapoor,1,96,[],[]
4zhIkiQG4uwX1aglCB89fQ,Karsan Sagathia,40,11665,['modern bollywood'],https://i.scdn.co/image/ab67616d0000b27321e96a506859459dc72ec849
50a4dxPslaHuBHp2oZ9PRa,Major C,41,221,[],https://i.scdn.co/image/ab6761610000e5ebfbf9ae740826388530edd5c2
50uIul0BKfWewyVIJb2QGf,Roshan Rathod,20,170,[],[]
51eL0A60JMNut80ghRbHa6,Aftab Sabri,26,45,[],https://i.scdn.co/image/ab67616d0000b2736b6594568cd077023aa82091
52ad6RmMKGcmhRrOFCyKfH,Taraannum Mallik,45,98,[],[]
53WhdCeDLdts3GL885jALG,Jayesh Gandhi,36,1931,[],https://i.scdn.co/image/ab6761610000e5eb6a2b6708d17281b41181b6a1
54PJpiLQipVzNxi1KU1AZt,Imran Hasmi,10,2822,[],[]
54QveaJeGQsf0783I52FzJ,Spitfire,33,12759,['hindi hip hop'],https://i.scdn.co/image/ab6761610000e5eb8d1494da6246b4e103865a03
55wvDGbBj2MUGUspzE9Ikk,Debojit Saha,18,9038,[],https://i.scdn.co/image/ab67616d0000b2730c63824e45350eeb349d9f85
56SjZARoEvag3RoKWIb16j,B Praak,75,2001650,"['desi pop', 'punjabi pop']",https://i.scdn.co/image/ab6761610000e5ebfe6cd96d703bda17b0f0e198
572uFylespZhacH2AOCO0g,Dj Phukan,7,3,[],https://i.scdn.co/image/ab67616d0000b2730d801cf32e0bb740be563133
57FWjr32rSTzLcG5DIowkb,Altaf Raja,42,81482,"['classic bollywood', 'filmi']",https://i.scdn.co/image/ab67616d0000b27384e34e903b1813b19d6594c3
57T5sjTRBaohuec1a0TKPq,Arvind Vegda,11,274,['gujarati pop'],https://i.scdn.co/image/ab67616d0000b273c75269dd465af2bb6e21d2be
58Fudy3ezQzmR8aZ4dXlyU,Sunayana Sarkar Dasgupta,13,61,[],[]
58L9DePlTLE2D1I9Ohvs63,Pranaay,37,2267,['modern bollywood'],https://i.scdn.co/image/ab6761610000e5eb57ab207c4d76647edb0b98a6
59Gl1jQgVie04rA5Rmz06A,D.J.Amit,5,3,[],[]
59fYphinaqBfGBtrQ4p9Hv,Ganesh Chandanshive,42,189,[],[]
59k3n7tZ763bb6UxcmmnJs,DJ Akber Sami,19,30,[],[]
5AQK0iUWtF7DMLxSXwJBnQ,Richard,29,4,[],[]
5Aw9A7K55hdMK1zRAJBPrT,Bugs Bhargava,16,2,[],[]
5Cqes5HlNOmjUpEtCsMdft,Medival Punditz (Gaurav Raina,8,0,[],[]
5DJ2ZMr3PC7eTtYAZLOP4n,Shellee,1,1,[],[]
5E0E6xz5kilwVZV1z1hVt5,Sherry,16,119,[],https://i.scdn.co/image/ab6761610000e5eba45f4352628e9672926878d6
5EXIQQjCaCnRPJ68SxYURB,Shashi,54,1779,[],https://i.scdn.co/image/ab67616d0000b2739d5929475525df352e639bb3
5FUVk1yU9n4YWUf4dWBkxD,R.D.B.,30,150,[],https://i.scdn.co/image/ab67616d0000b273fdfb5a9874443a0e39febd7d
5FcKHLt98NrXq359cUgS7y,Asif Ali Baig,35,22,[],[]
5GnnSrwNCGyfAU4zuIytiS,Mohit Chauhan,70,3914321,"['desi pop', 'filmi', 'modern bollywood']",https://i.scdn.co/image/ab6761610000e5eb16691117e2ba803946b203ba
5GwnJRmptW2G1v3e5XK6ka,Vasundara,8,1,[],[]
5HcHG1CZKl62j3qUETww0W,Santosh,28,134,[],https://i.scdn.co/image/ab67616d0000b273a1c17086b55733a9242d7def
5HcunTidTUrOaf8V0iJcvl,Nusrat Fateh Ali Khan,64,2278016,"['filmi', 'indian fusion', 'pakistani folk', 'qawwali', 'sufi', 'world']",https://i.scdn.co/image/ab6761610000e5eb458081a2d7e4522d05ce48de
5J3dqhxLAVxMeDRSza2M7U,KMMC Sufi Ensemble,28,56,[],[]
5JQz0on1AJqkjD23J77Wff,Anmoll Mallik,51,762,[],https://i.scdn.co/image/ab67616d0000b273a88d07cf0efb394bd04aee03
5JZ7CnR6gTvEMKX4g70Amv,Lauv,81,4658521,"['dance pop', 'electropop', 'pop']",https://i.scdn.co/image/ab6761610000e5eb46863e980be7ea756332481f
5KNQvpxpsSUsL8Mon7SjYn,Karsh Kale,41,206984,"['indian fusion', 'indian indie', 'world fusion']",https://i.scdn.co/image/ab6761610000e5ebbe34d6b4a5a743f1bcab6aa8
5KOvzkFqFQBE4r34ebiDXh,Vivek Hariharan,49,556,[],https://i.scdn.co/image/ab6761610000e5eb80a53de7f6004c8f74149b0f
5LQ1ozi8ndtxAwvy1OuSDK,Parry G,38,389,[],https://i.scdn.co/image/ab6761610000e5eba4a6523971ed9403a3a3aa8a
5LZ894xYE9MG1sal0gjt5L,Anupam Roy,53,610694,"['classic bangla pop', 'desi pop', 'filmi', 'hindi indie', 'indian singer-songwriter', 'kolkata indie', 'modern bollywood']",https://i.scdn.co/image/ab6761610000e5ebc63d8ba7771b295b280422b3
5NWsDCRgsYOgasgnvAzyPZ,Aditya Sharma,14,32,[],https://i.scdn.co/image/ab67616d0000b273f6a8605b0162b4affecd0110
5NosebTOlfaR7ZJN2n3PmH,Lulia Vantur,21,83,[],[]
5ObQXIcqKtQENK14lQyqiy,Anuradha Sriram,57,405091,"['filmi', 'tamil pop']",https://i.scdn.co/image/ab67616d0000b273fcdb4070b6149f54bb7c3ba8
5PVSEFUT4Inqu3yEq56Ku9,Raghav,45,43072,"['desi pop', 'hindi indie']",https://i.scdn.co/image/ab6761610000e5eb0eb41114c32314eb5bd68392
5SuRAj1A9FEHj5NxS86YAm,Shafqat Amanat Ali,61,999453,"['classic pakistani pop', 'desi pop', 'filmi', 'modern bollywood', 'pakistani pop', 'sufi']",https://i.scdn.co/image/ab6761610000e5eb3a597aea2383628fa4993388
5T2I75UlGBcWd5nVyfmL13,Mika Singh,65,5148463,"['classic bollywood', 'desi hip hop', 'desi pop', 'filmi', 'modern bollywood']",https://i.scdn.co/image/ab6761610000e5ebb36bea83518cd1f7adc7c334
5TPY1mgCEaVjJQnpDPFJVF,Priyanka Chopra,38,35823,['modern bollywood'],https://i.scdn.co/image/ab6761610000e5eb6d087edcae8ec267f8923200
5TWDvkVWG1vayan1QA9q8U,Hrithik Roshan,45,19551,[],https://i.scdn.co/image/ab67616d0000b273441f17f7869072d3862462bb
5TpOSeyAEemyBoj4OkfMQe,Marianne D'Cruz,38,341,[],https://i.scdn.co/image/ab67616d0000b273544d0334886f8bbd2534e3e5
5UDXYKkOni0Dz2gAa3y34B,Aanchal Sethi,21,20,[],https://i.scdn.co/image/ab67616d0000b273718e2aafc35f2fdc855cc3ac
5UJ2sHO2ELrgW6aXeRLTQQ,Chinmayi,67,918600,"['filmi', 'marathi pop', 'tamil pop']",https://i.scdn.co/image/ab6761610000e5eb8b1862a929651ee5ff4ce67c
5UKqg6b73QgtOBjdZnQedK,Sulaiman Merchant,7,149,[],[]
5UdFr0GeO7jKIaNIJgwB36,Raftaar,61,646964,"['desi hip hop', 'desi pop', 'desi trap', 'hindi hip hop']",https://i.scdn.co/image/ab6761610000e5eb77ee144927777317ac16beef
5UqyE5tsMWcrOAjOtROW6B,Sunitha Sarathy,51,5576,['tollywood'],https://i.scdn.co/image/ab6761610000e5eb76e02ff842a26182f180a46e
5Uvn1P3OFu268QovsUAnDu,Madan Mohan,53,392915,"['classic bollywood', 'desi pop', 'filmi', 'indian instrumental', 'modern bollywood']",https://i.scdn.co/image/ab67616d0000b27396fa496a2cfc301430589024
5Vye4S1EacTdnQAHY6LxQa,Narayan Parshuram,4,22,[],[]
5XWfOrZhMMjoBTKcAgtFxe,Yusuf Mohammed,39,39,[],[]
5afuhdaKVnvAapV05465qJ,Rani Kaur,28,40,[],https://i.scdn.co/image/ab67616d0000b273f67902f2cb37dbd11ce51103
5as8A4G47Ohu9NSWs3Je8U,Asha Bhosle,65,2712390,"['chutney', 'classic bollywood', 'desi pop', 'filmi', 'sufi']",https://i.scdn.co/image/ab6761610000e5eb7c6855a92b408b6f82f3e6d1
5bTYVMQ6vmt4Bm12hM59N3,Kaam Bhaari,41,112102,"['desi hip hop', 'hindi hip hop']",https://i.scdn.co/image/ab6761610000e5ebe6fe3138d0fdf5240d890fea
5bppgj79GpcM7zFKn836ys,Shilpa,19,9,[],https://i.scdn.co/image/ab67616d0000b273b18715fd565ec5cd8d7c7d7c
5bv6NvAYNuvd2Vq13nHdG3,Sona Mohapatra,53,353445,"['desi pop', 'filmi', 'modern bollywood', 'pakistani pop']",https://i.scdn.co/image/ab6761610000e5eb60583e7e00c515d38b5c6b73
5c3Qxc5sTis0Oq3XcOdIJD,Rajesh Roshan,42,294727,"['classic bollywood', 'filmi', 'modern bollywood']",https://i.scdn.co/image/ab67616d0000b273ae319e2da9a2e81dfe888409
5cB4d4jPYjMT326sjihQ4m,Shaan,66,2480918,"['desi pop', 'filmi', 'modern bollywood']",https://i.scdn.co/image/ab6761610000e5eb23fa6d9a533a78679c867521
5cBFMoMgcAt03YL2r0tS25,Raja Kumari,58,224352,['desi hip hop'],https://i.scdn.co/image/ab6761610000e5ebe6b0959276d83d251d8882e8
5diMmmNkRVfgUnXJrzXzjZ,Javed Bashir,54,39146,"['modern bollywood', 'pakistani pop', 'sufi']",https://i.scdn.co/image/ab6761610000e5ebf26b48d9bd1e735b83bf9d13
5f4QpKfy7ptCHwTqspnSJI,Neha Kakkar,77,25402058,"['desi pop', 'filmi', 'modern bollywood']",https://i.scdn.co/image/ab6761610000e5eb2eb3676d6d03d8872feb0875
5fvTHKKzW44A9867nPDocM,Ajay-Atul,59,1174806,"['desi pop', 'filmi', 'modern bollywood']",https://i.scdn.co/image/ab67616d0000b273b22e21de789378f223e1795f
5g4R0JHd19CuLa3PSiYMWX,Arnab Chakraborty,37,41291,[],https://i.scdn.co/image/ab6761610000e5eb63c879d1be5e1367baa8d0ae
5gEFTELaOBkv59BBTlYSkU,Muskaan,36,144,[],https://i.scdn.co/image/ab67616d0000b273248c62bee05463c86baed8f3
5gb3fWXn6yqB3bztWCc3wz,Rafaqat Ali Khan,30,1037,['pakistani pop'],https://i.scdn.co/image/ab67616d0000b27309fce107a8c56c0de3ef74b6
5gbQwbzFme1v9M8sLWnLHN,Nihira,22,2,[],[]
5hT3CHUnrkUFsgGAvEPSQC,Swaroop Khan,41,553,[],https://i.scdn.co/image/ab67616d0000b27360b0e7a743e592877961038a
5hVt9x2diB6O7kYzqHPk1a,Murtujha Gulam Mustafa,19,2,[],[]
5iSzaah2lEZaCgm5f1bVQm,Sreeram,51,581,[],[]
5idIp0bRIWVCxVpiChQSZ1,Chetan Shashital,23,27,[],[]
5isfxZ3RSdBlSLn3cSFhnI,Meet Bros Anjjan,50,241169,"['desi pop', 'filmi', 'modern bollywood']",https://i.scdn.co/image/ab67616d0000b273f6371011af4c82fb31d54820
5ixQ5hSywFLUaxoaA0uVaH,Anand Raj Anand,58,363822,"['desi pop', 'filmi', 'modern bollywood']",https://i.scdn.co/image/ab67616d0000b2739f8ea8c6bcd5b9cca33673e2
5jbcmPkWWDvnHws3S60EVd,Raman Mahadevan,42,27011,['filmi'],https://i.scdn.co/image/ab67616d0000b27320cdc9db4c2a5d98030f573f
5jp0XozxgaHPxagbfQsQn1,Ram Shankar,23,194,['bhajan'],https://i.scdn.co/image/ab67616d0000b273978af10042c1c10edc123b80
5kPOMQZvgkAEnRZqwn9SYQ,Jaideep Sahni,60,238,[],https://i.scdn.co/image/ab67616d0000b273825ae4fbebb64fd9f4fd7de1
5koewnCqudpBxeTjCrwCuJ,Sajid,43,347,[],https://i.scdn.co/image/ab67616d0000b273b48daab51028b17a930bdfc0
5l1aGNGCRGomCMHVufh6xC,Amit Kumar,54,296937,"['classic bollywood', 'filmi', 'ghazal']",https://i.scdn.co/image/ab67616d0000b2738b5861c5cb65dbba52d06392
5mRWjW6dJFcoX1CnA9J92J,Julius Packiam-Joshilay,30,127,[],https://i.scdn.co/image/ab67616d0000b273d9cc24c0d415e40d5af3c8d5
5n4uEoZAHvuhyhvzNW2X9b,Sonali Bendre,7,210,[],[]
5nIj2r9cBtQoPtEs0wKqCt,Tanishka Sanghvi,33,271,['gujarati pop'],[]
5o36rLQd78Zh8CaT8rn59d,Shreyas Puranik,40,1069,[],https://i.scdn.co/image/ab6761610000e5ebd43c4fb32dfd6596e7834071
5oZnt4G83jPSYZWUx9oHB0,Bipasha Basu,22,577,[],https://i.scdn.co/image/ab6761610000e5eb06f2a8b280c65440f00d0dc7
5pJnHE4GkcnLYMvnMOmGZr,Dub Sharma,52,20008,"['desi hip hop', 'hindi hip hop']",https://i.scdn.co/image/ab6761610000e5eb9ef3c72d16fc9ac2b058b626
5pL1xwyZJLuVaqAHEjfJCZ,Naresh,29,321,[],https://i.scdn.co/image/ab67616d0000b273a4e13b82f255a88f5a876d20
5qG25VRsnLdydJTj1VGZSk,Krishna,43,2415,"['modern bollywood', 'telugu devotional']",https://i.scdn.co/image/ab67616d0000b27312f2457d7b20441b0796f018
5rQoBDKFnd1n6BkdbgVaRL,Guru Randhawa,70,8599632,"['desi pop', 'modern bollywood']",https://i.scdn.co/image/ab6761610000e5eb609177b911352232113b7fcc
5rz9Rq9OG7jQiSm2nmTfd3,Adarsh Shinde,47,147776,['marathi pop'],https://i.scdn.co/image/ab67616d0000b2735e2b96ba55dd4f741ad87050
5s5cmi7PLVMyoajNY2u8ZS,Bonnie Chakravarty,34,219,[],https://i.scdn.co/image/ab67616d0000b2731e786433b0a7d09f22420cd0
5sSA715wm8hmATcankv5dI,Rohit Kulkarni,29,21,[],https://i.scdn.co/image/ab67616d0000b2738ef1652789ca59ac83d786d0
5sifufajls8Q6k04Y4F8mH,Sameer Anjaan,41,96,[],[]
5tjf6FdGHB3vuQcIiErn7F,Dj Whosane,3,7,[],[]
5tjyFvhnukNkJDBrS4Jahe,Rimi Nique,29,167,[],https://i.scdn.co/image/ab6761610000e5ebaf211691f8c292c81facf41c
5tvfyAT4aOIOkumo6vw1yL,Arjun,59,408413,"['desi hip hop', 'desi pop']",https://i.scdn.co/image/ab6761610000e5eb71019690ca024b3858d46c30
5v1hpyjrlC9NKxIr21rxG3,George Moawad,2,2,[],[]
5wGWOdJFmJq5fgLGfq71uc,Aparnaa Bhaagwa,15,1,[],[]
5wJ1H6ud777odtZl5gG507,Vishal Mishra,66,336409,"['desi pop', 'modern bollywood']",https://i.scdn.co/image/ab6761610000e5ebe97ca51b7dbe2e7dc884fac8
5wQDQFm7Ku8WWGi5xqJ9lp,Jyotica Tangri,62,143037,"['desi pop', 'modern bollywood']",https://i.scdn.co/image/ab6761610000e5ebaf94e2b2579d98d4d3b1ab15
5xsanGAiHVj83CD8AQelUM,Ishq Bector,33,1233,[],https://i.scdn.co/image/ab6761610000e5eb0c6ab43a8c894db25e351d19
5yN3aXLPjTU0jG7M9RmxjW,Tutul,12,1608,['classic bangla pop'],https://i.scdn.co/image/ab67616d0000b273c61be4feb0937fcc0a00df1e
5z4Zn0vfR0ZBMzcVwbQDSL,Antara,17,148,[],https://i.scdn.co/image/ab67616d0000b273521ba3f672da1c05677c099a
5zWKMBKw7KqulFxyz2ULvp,Ila Arun,38,8687,"['classic bollywood', 'filmi']",https://i.scdn.co/image/ab6761610000e5ebb2d8cc7f3f5c27fa3f93e44e
60f431EIEmwOfJJOJhdyQR,Bela Shende,49,93212,['filmi'],https://i.scdn.co/image/ab67616d0000b273786c4f605430c339d7b4648d
61BV04cjQeK1CicwLueX3p,Vikas Bhalla,20,158,[],https://i.scdn.co/image/ab67616d0000b27387dbe39f0380d33c6dad0bea
61JrslREXq98hurYL2hYoc,Lata Mangeshkar,71,3676641,"['classic bollywood', 'desi pop', 'filmi']",https://i.scdn.co/image/ab6761610000e5eba0199b159c0c5a9f62333d32
61if35zz1W11GejEkxTLEQ,Benny Dayal,68,2160850,"['desi pop', 'filmi', 'modern bollywood']",https://i.scdn.co/image/ab6761610000e5ebbbbde5038f6dd11a9bea4cd8
62RUJAVFb2U8n54mYnZAmS,Roach Killa,52,70911,"['bhangra', 'desi hip hop', 'desi pop']",https://i.scdn.co/image/ab6761610000e5eb0027bfafae9b2256a19cd7ad
62fVVCogqIVHXfIW89DH9d,Imran Aziz Mian,21,83,[],[]
63FnhgfY9Skj2fulSx9tvI,Mayur Sakhare,24,1398,[],https://i.scdn.co/image/ab6761610000e5eba6a1ad62c129b3325a0c7e7b
63gr7tdupR56177ARreusx,Sujata Bhattacharya,46,167,[],https://i.scdn.co/image/ab67616d0000b2734364f8b1131fa1ed885fc91e
63gvl4egwBtz2czz3aENGa,Usha Uthup,40,221903,"['classic bollywood', 'filmi', 'modern bollywood']",https://i.scdn.co/image/ab6761610000e5eb2f4bfcf0fbf8614697868204
64V9thmM2MXR9cDXjoRfS6,BeatRAW,33,344,[],https://i.scdn.co/image/ab6761610000e5eb0b220bd768d7a1a895e21d5c
66SvSqaZI1DtUpbwxUHNhP,Najam Sheraz,29,3589,['classic pakistani pop'],https://i.scdn.co/image/ab67616d0000b27300c997a5781d0d2251c28ec8
67ouUj8vS2Sbh3s2GTdKmb,Geeta Jhala,11,46,[],https://i.scdn.co/image/ab67616d0000b273897afd3b7676ef2feff217ba
68ePdYvtRgq9CiPzv6fapI,Salman Khan,52,364623,"['desi pop', 'filmi', 'modern bollywood']",https://i.scdn.co/image/ab6761610000e5eb8e8f4609471349b4bfdbf774
69TcMkhvenAeokIhBGIUCQ,Bob,54,1193,[],https://i.scdn.co/image/ab67616d0000b27303afa065721722a4225724bf
6APCUvMlLDSe7LbIGuhfsS,Kaka Bhaniawala,27,8366,"['bhangra', 'classic punjabi pop']",https://i.scdn.co/image/ab67616d0000b273aa7dc2bba204d2fb72db54f8
6APxRHcQyClxqn8PA22BcR,Rashi Raagga,28,5,[],[]
6AwwLwgIsTIXZ8kHWaZUj5,Sandesh Shandilya,50,814976,"['afghan pop', 'classic bollywood', 'desi pop', 'filmi', 'modern bollywood']",https://i.scdn.co/image/ab67616d0000b27352fe6875028c892308ffc2f7
6Bthsls57GgYPQFdrY3eyw,Remo Fernandes,38,3510,[],https://i.scdn.co/image/ab6761610000e5eb0ee9a66ca025dd4cff1a9b5b
6CXEwIaXYfVJ84biCxqc9k,Vishal Dadlani,70,4080728,"['desi pop', 'filmi', 'modern bollywood']",https://i.scdn.co/image/ab6761610000e5eb76328e37a2c1280ab9adb90c
6DmKvvaXUkECvkUozzpuQb,Shankar,45,12553,"['carnatic instrumental', 'ecm-style jazz', 'indian classical', 'indian instrumental', 'indian jazz', 'indian violin', 'modern bollywood']",https://i.scdn.co/image/ab67616d0000b2730f74c4034578d104e964bfa7
7C5xVXoqim1TICnCMZ9A6P,Zahrah S Khan,64,17,[],https://i.scdn.co/image/ab67616d0000b2736c2949cd2c53f81b36a975d1
6FYbbAEjKyhebS2mAMdjo2,Bonnie Chakraborty,29,170,[],https://i.scdn.co/image/ab67616d0000b2736f8004df4057e52868e5f3be
6FdB2vcrRmzkEM8mDOEEZa,Ranjit Barot,29,1603,[],https://i.scdn.co/image/ab67616d0000b27355a25cd90c0ad5c22be34e38
6FtZhorjCMfkaVJ7kKdmq7,Payal Dev,67,253825,"['desi pop', 'modern bollywood']",https://i.scdn.co/image/ab6761610000e5ebad471d68dd2bb62e7d0ebb49
6G2dxtT1uVQuzErBZsw7Ur,Himani Kapoor,46,913,[],https://i.scdn.co/image/ab6761610000e5ebf60c8e88a8e858396a247798
6H8pKYxkF2q0vUmSNwmrL3,Nikita Nigam,37,88,[],[]
6ID2zdEFxXLChwiqQzf3ZA,Raja Hasan,52,1697,"['rajasthani pop', 'sufi']",https://i.scdn.co/image/ab67616d0000b27322b2ce1da04df942edf3f660
6MRzB5b9YzkH4u301606hl,Loy,45,127,[],https://i.scdn.co/image/ab67616d0000b2730f74c4034578d104e964bfa7
6MqZjgch4AHGc5f8P1167O,Sneha Pant,40,157,[],https://i.scdn.co/image/ab6761610000e5eb19d778825b21169b9bcfb9b9
6Mv8GjQa7LKUGCAqa9qqdb,Vishal-Shekhar,72,1967327,"['desi pop', 'filmi', 'modern bollywood']",https://i.scdn.co/image/ab6761610000e5eb90b6c3d093f9b02aad628eaf
6NhiWVGtq25QmacOUbTXKf,Harbhajan Mann,39,270668,"['classic bhangra', 'punjabi pop']",https://i.scdn.co/image/ab6761610000e5eb529c627add72027b7734afb3
6NzJdppgd9vru4CiOiFgKL,K. Mohan,39,2765,[],[]
6PnWNMlJ1IvzHUO9LoA9hG,Megha,14,16,[],https://i.scdn.co/image/ab6761610000e5eb216e73a1e4acbd1397a5cde1
6PtoffEX0RiktNdmCeuWkl,Siddharth Basrur,49,13696,['modern bollywood'],https://i.scdn.co/image/ab67616d0000b2732276caa6421a2da6feeea44b
6QtJ6BVdj43aDpgjnVp2tY,Mohammed Irfan,57,719058,"['desi pop', 'filmi', 'modern bollywood']",https://i.scdn.co/image/ab6761610000e5ebb074074cf866ba3b3ebc09a6
6QvSTht1Q8c4Q1h5ORLt2m,Saurabh Bawa,1,8,[],https://i.scdn.co/image/ab67616d0000b2735663e9409208984383bd481d
6RF8hEdlUKoLPQOHmBbHiM,Yasser Desai,68,428167,"['desi pop', 'filmi', 'modern bollywood']",https://i.scdn.co/image/ab6761610000e5eb7c9657fc93e1b774a2581b01
6Rzshn9onqSCEuGCUIZ6WP,Alma Ferovic,36,222,[],[]
6TqsGabe0T2mmwvLs5YmxA,Ad Boyz,8,2100,[],https://i.scdn.co/image/ab67616d0000b273fdfb5a9874443a0e39febd7d
6VWjZcB6nolKvE74s0ds7M,Uday Mazumdar,41,164,[],https://i.scdn.co/image/ab67616d0000b2738d4852948726e867325a3296
6W9OGtaRaoE37C6KwTXEzn,Javed,6,205,[],https://i.scdn.co/image/ab67616d0000b273bd2223dc67a9eab0ccacbad0
6WOdPJmexxFINcKMkP2jMG,Sachet Tandon,70,216236,"['desi pop', 'modern bollywood']",https://i.scdn.co/image/ab6761610000e5ebb8162865f9d33a22dfac8791
6WPmTGeeoymoVlXVtsCwz7,Kavita Krishnamurthy,64,1500677,"['classic bollywood', 'desi pop', 'filmi', 'modern bollywood']",https://i.scdn.co/image/ab6761610000e5eb4f1d4019906979d45f7200a3
6WixbETKEXH0xBf0OB9kRB,Shadab Faridi,51,449,[],https://i.scdn.co/image/ab67616d0000b273961b9f812eb411a7ac60a8c6
6WqhNOrXeh7G0Rlg8gl6nC,Aakariti,25,4,[],[]
6WuzK5jss3xE7z2KYjR72R,Sunny,27,827,[],https://i.scdn.co/image/ab67616d0000b273749350c9436db1ebf31fc319
6Xg6qVSMnpyFFBf8mtuUrR,Ajoy Chakrabarty,28,25108,"['hindustani classical', 'hindustani vocal', 'indian classical', 'khayal']",https://i.scdn.co/image/ab67616d0000b273e806c4e5b3e7c4abbed7a0a8
6Xlqwvj5Ic1H5qpDZpjjJi,Ranju Sinha,2,0,[],[]
6XypcJDBmfuRjq52PFUVwd,Rahul Vaidya,45,61430,"['desi pop', 'filmi', 'modern bollywood']",https://i.scdn.co/image/ab67616d0000b273085c13d17f909bdc3bcde35a
6YWLFb0XVqfaCONbJvUJM4,Sneha Suresh,16,27,[],https://i.scdn.co/image/ab67616d0000b273820635eba45732ed0e67c583
6Zp0PtxiTdumQ2O5CGx7vU,Ali Abbas Zafar,11,53,[],https://i.scdn.co/image/ab67616d0000b2733f80a707311a44608bb0a8e9
6aQ5LDX0WlnyDLI8TGU0wK,Rajesh,49,86585,"['filmi', 'sandalwood']",https://i.scdn.co/image/ab67616d0000b2730e49dcbd7d95993c74ba361e
6adWrZLiyuYxlxZMlLN4N4,Padmashree Rita Ganguly,0,0,[],[]
6amYPz7L78VSl7GoHaMe7E,Raaj Gopal Iyer,15,2,[],[]
6b5AC7AohL0Yy4JqdbHKvC,Cara,19,1037,[],https://i.scdn.co/image/ab67616d0000b2739adb40772aca172979cca5b7
6cxgqNa7xQ76ZhZJu5ZvkI,Pratik Joseph,17,162,[],[]
6dDLzPcZ2xhKX8ZW16VxJZ,Jyotsana Hardikar,18,7,[],https://i.scdn.co/image/ab67616d0000b273975289453072214713497be0
6de3NMC8U7wqL5nW4rLvVA,Raghab Chatterjee,19,8651,[],https://i.scdn.co/image/ab67616d0000b27308ac294c7f361405529e0fed
6dgPKPKtpOXxPpMe8STn1N,Gayatri Iyer,45,180,['filmi'],[]
6dlqtqIbhMfLmHNLlf5gBE,Karisma Kapoor,16,1168,[],[]
6eMFGgGDh5iXU1POAK0cpe,Suraj Jagan,50,55214,"['filmi', 'modern bollywood']",https://i.scdn.co/image/ab67616d0000b273d479415f7824eb7b1371cca9
6eybNEDPWaHBHJoE5gI3Ef,Asmit Patel,11,4,[],[]
6f5kUMXGROFtdAtxXZwing,Wajid,49,426078,"['desi pop', 'filmi', 'modern bollywood']",https://i.scdn.co/image/ab67616d0000b273c80ac5a3b333bdf609ec2c32
6fBO41bHRBbJuo4NxIJMzc,Geetikka Manjrekar,31,12,[],[]
6fjlehmqzeqeDmRwnbvapd,Amir Jamal,43,13733,[],https://i.scdn.co/image/ab67616d0000b27384768205bd0683c52bf102b6
6haaoELUr8LdheBJtdpgDS,Neil Sharma,19,10,[],[]
6hpDlOvqsnIxrPegGTWVY1,Shantanu Moitra,43,295622,"['classic bollywood', 'filmi', 'modern bollywood']",https://i.scdn.co/image/ab67616d0000b2732ad8d5cc3c0e3c03719a636f
6iRR4jfEjLe34597YYyibN,Sanjivani,26,145,[],https://i.scdn.co/image/ab67616d0000b27388caa7e2c43552a73b3b49e2
6icGUGLUKCVB5esdQXdjiw,Soham,45,179920,[],https://i.scdn.co/image/ab67616d0000b2731b0a3730903968e83fa1f65e
6icHDJ25LIt9b8hyW6Zm6e,Parveen Sultana,23,5000,"['hindustani classical', 'hindustani vocal', 'indian classical', 'khayal']",https://i.scdn.co/image/ab67616d0000b27340a6e9174b5b7ebae151e6df
6iv4lysB1yHXoZJ2gfqTdh,Shashwat Singh,53,1677,['indian fusion'],https://i.scdn.co/image/ab6761610000e5ebae570c894b18112ec4317d28
6jf2eKjiPT6P18RbOSLzf0,Arko,67,525896,"['desi pop', 'filmi', 'modern bollywood']",https://i.scdn.co/image/ab6761610000e5eb737b464824eb5353f1edc8eb
6k6dimE4a6OFnD0HWmkIUW,Tochi Raina,60,53052,"['filmi', 'modern bollywood']",https://i.scdn.co/image/ab67616d0000b2730dc56a9b70c21d1972448da6
6kDdXtgE2FuI0sckDzoVXQ,MC TodFod,20,176,[],[]
6kyOS4FXdnDjkCXzb0vYOQ,Priya Mayekar,18,22,[],https://i.scdn.co/image/ab67616d0000b273df537ffa73ea47b7a9963c07
6lGchZePVLrGOqMCtXKNFi,Mohammed Aslam,45,253,[],https://i.scdn.co/image/ab67616d0000b2736c9c28afcb80b356d8fec4c1
6lJSXbir8V0GruDu5r07Un,Udbhav,42,139,[],https://i.scdn.co/image/ab67616d0000b2735aeb586085fcea33874b75a8
6lZgm3YEFlKkXpsPrhted5,Maharya,21,393,[],https://i.scdn.co/image/ab6761610000e5eb6ba1c1708f424a55af93e5d7
6lpXKoHUzxZc5PwyS6cu4C,Poornima,45,14869,"['classic bollywood', 'filmi']",https://i.scdn.co/image/ab67616d0000b273d74bb7c5e3a4cf242ef03791
6m1DGcecrb22savq5KDlcF,Dj Nyk,8,3,[],[]
6mxY3ekITToaEK2XGtaock,Avadhoot Gupte,36,281773,"['classic bollywood', 'filmi']",https://i.scdn.co/image/ab6761610000e5ebe4df6e2ac99de1c677cf1c0b
6nvNh0jV10gc2aYFALNahg,Swati Sharma,36,135,[],https://i.scdn.co/image/ab67616d0000b2730f15e44ef689d66723648e1b
6o1fV9yKZDGNdMl2chOWql,Jasraj Joshi,29,2349,"['marathi hip hop', 'marathi pop']",https://i.scdn.co/image/ab67616d0000b27378018d511dc39700ec2b0928
6ohaQzKaXrobAL8paLSaxq,SalimSulaiman,61,954113,"['classic bollywood', 'desi pop', 'filmi', 'indian folk', 'modern bollywood', 'sufi']",https://i.scdn.co/image/ab6761610000e5eb13a6f2195deea1f736d046e4
6p4FpOvJaSSljYGlkKsS40,Mikey McCleary,44,2104,[],https://i.scdn.co/image/ab6761610000e5ebbb560dcc50dc63c338bed55d
6pgJBbF3h8R4XlwetvZ9J3,Yashita Sharma,50,1687,['modern bollywood'],https://i.scdn.co/image/ab6761610000e5eb296501d33a90c9904dd85e83
6q29t5RuXxlBuqIZsOMQss,Priya Saraiya,54,3536,['gujarati pop'],https://i.scdn.co/image/ab6761610000e5eb15bb0065a554f96cf6b805af
6q6Ngi35NpLQaXfmGnJlwq,Style Bhai,28,70,[],https://i.scdn.co/image/ab6761610000e5ebc162b9d155f7de9574e11caa
6qBukaZAaJjYHStsQGb6hb,Preeti,35,315,[],https://i.scdn.co/image/ab67616d0000b2735766de79bedee005be1c9de8
6qMKYqfmlgmBFayGbFzgMd,Noxious D,27,446,[],https://i.scdn.co/image/ab6761610000e5eb7e02d6302814e59182415e18
6qcIg4IPLulyc03mWR87N8,Kanika Kapoor,57,189537,"['desi pop', 'filmi', 'modern bollywood']",https://i.scdn.co/image/ab67616d0000b2737704fe54692906a63f72d666
6qrS6jqZfr8HJe3IWkQqv2,Karunya,45,60928,"['telugu indie', 'tollywood']",https://i.scdn.co/image/ab67616d0000b27323a67c17f5b3c2b4cb2b9ecb
6sI2xtAYwMDhMpbrBTtY2I,Apeksha Dandekar,32,414,[],https://i.scdn.co/image/ab67616d0000b273c134864d3cb60f55207be523
6sseiKkl0ugvHy2WH0GCTR,Priya,42,353,[],https://i.scdn.co/image/ab67616d0000b273a8143187a321a5448f66f3c9
6swk5jDsD7ahHLnUOioVfq,Suman Sridhar,32,1490,[],https://i.scdn.co/image/ab67616d0000b2733bf67507631b5ab523a002e8
6t6D6drTfOF08Jp4w9wY2J,Deep Money,50,2526,[],https://i.scdn.co/image/ab67616d0000b27319e959f0ac8ad5229e5b4835
6tTBTKIvckFAIzxeNAvnnF,DJ Nyk,39,14512,['indian edm'],https://i.scdn.co/image/ab6761610000e5eb5e855199d4d91b898530e18e
6uZv9f2du7TdOlOr5IjLE1,Shabab Sabri,40,255,['filmi'],https://i.scdn.co/image/ab6761610000e5eb7abb8a1183f6ff5a92218fc3
6uskWv5K2FA0YOAYr7JOUz,Shalmali Kholgade,58,10645,"['filmi', 'modern bollywood']",https://i.scdn.co/image/ab6761610000e5eb000150dc5e902b52a8d582f1
6vHhmxjlHugG7aIQC2faa6,Blitz,22,19,[],[]
6vYL9RV6m4NECOJzbGRbbV,Shraddha Kapoor,47,29175,['modern bollywood'],https://i.scdn.co/image/ab6761610000e5eb07093716857b91a0c4a4f157
6vdtEGdFKh4hO5EcZgG7qh,Kiran Kamath,42,145,[],https://i.scdn.co/image/ab6761610000e5ebe2cf777f230c2b6ae7bbac63
6wa1AsxB9oJP7lwNSmbcYx,Daler Mehndi,60,708454,"['bhangra', 'desi pop', 'filmi', 'modern bollywood']",https://i.scdn.co/image/ab6761610000e5eb5a2c374361fb255c0768c9e4
6xElGyunMSlnuJ2vabDUWA,DJ Khushi,54,871,[],https://i.scdn.co/image/ab67616d0000b2739d5929475525df352e639bb3
6xl0mjD1B4paRyfPDUOynf,Brodha V,43,193519,"['desi hip hop', 'kannada hip hop']",https://i.scdn.co/image/ab6761610000e5eb0937634e1b6251f625e55238
6zCyntURQJ3IK2b1DlS2tT,Jankee Parekh,16,89,[],[]
6zsgSg6Sei0eS5L4Sk4tdo,Shaarib,42,155,[],https://i.scdn.co/image/ab67616d0000b2735989c1dd09699834f6d0be72
70B80Lwx2sxti0M1Ng9e8K,Udit Narayan,74,4744265,"['chutney', 'classic bollywood', 'desi pop', 'filmi']",https://i.scdn.co/image/ab6761610000e5eb8de0e6e7e55d7773931ab7f4
71hjb5G92mGoKRSAW3Cj00,Anu Malik,58,1076909,"['classic bollywood', 'desi pop', 'filmi', 'modern bollywood']",https://i.scdn.co/image/ab6761610000e5ebd7e0f6a3b721c781859ce6bc
71oGOxg5ez52Hh1Ye41A98,Mustafa Zahid,55,1313791,"['desi pop', 'filmi', 'modern bollywood', 'pakistani pop']",https://i.scdn.co/image/ab6761610000e5eb0528b5f098438b1716bace93
71sdbEr3Y59wQjaJDeG8e6,Goldi,24,208,['german reggae'],https://i.scdn.co/image/ab67616d0000b273a025af07a6df9287c2c7cb0e
72578usTM6Cj5qWsi471Nc,Raghu Dixit,53,326967,"['filmi', 'indian folk', 'indian rock', 'kannada pop']",https://i.scdn.co/image/ab6761610000e5eb6bd5c5064753f09db6d93ac8
72APa8QPdPUhGzNMciz1wI,Neelesh Misra,30,1111,[],https://i.scdn.co/image/ab67616d0000b273b49c5fe6048c67b33edb8d01
73lIPqikyoHyWGMzEjpTQ1,Vijay Krishna Acharya,29,18,[],[]
73oabrcxZFkgjgeJBP5uJC,Shail Hada,49,48317,"['filmi', 'modern bollywood']",https://i.scdn.co/image/ab67616d0000b273092692bb72f30c3420c8ceb5
73xCfQB9WFbnspUisNjTYe,B. Vijay,2,1,[],[]
74OaRjmyh0XyRZsQQQ5l7c,Jasleen Royal,71,402766,"['desi pop', 'filmi', 'indian singer-songwriter', 'modern bollywood']",https://i.scdn.co/image/ab6761610000e5eb0cf3c03139cfae0e77e67211
75ZKC5gSPf8i7mp64bZV67,Neerja Pandit,26,93,"['kashmiri pop', 'sufi']",https://i.scdn.co/image/ab67616d0000b273eac18631593bd12ecb2753d4
76fuWYgIf3TVIopTs3vaJ6,Amaal Mallik,67,1219495,"['desi pop', 'filmi', 'modern bollywood']",https://i.scdn.co/image/ab6761610000e5eb5eb61850849f7489c055b96b
77FVRdtArPbwxygmW5dTsa,Sameer,47,702,[],https://i.scdn.co/image/ab67616d0000b27393bd1e794ab13bee0672c2e2
785G4rs8cdeU7kKM2XgoI3,Anweshaa,40,8416,[],https://i.scdn.co/image/ab67616d0000b2730835fd2b726faa549b436aff
78S9sDqFNOG88nNiWEzvEl,Vivek Naik,30,71,['marathi pop'],https://i.scdn.co/image/ab67616d0000b273ab20941ee1c5c0bd4a3ca41b
7967TUOaS203OMlBrsHS8X,Hans Raj Hans,49,198496,"['bhangra', 'classic pakistani pop', 'sufi']",https://i.scdn.co/image/ab6761610000e5eb7930c9c1d7bbe089891149e8
79jChyQpm3UY9JD5btkNcK,Sangeet Haldipur,29,1332,[],https://i.scdn.co/image/ab6761610000e5ebf46d27928331ee2110137904
7BcWKKmwvuroPq4DkC1fxN,Isheeta,37,18,[],[]
7Bo2dGFMSkPVyx4S9oZnlG,Manak-E,45,46287,['bhangra'],https://i.scdn.co/image/ab67616d0000b2730d1bebb2b945056e541a4600
7CRk1A0vdDJmyvoA3I4SkN,Shoma,19,7,[],[]
7D0HNEvLVsb8ooQmC2MIbD,Pinky,32,534,[],https://i.scdn.co/image/ab6761610000e5eb99edc0d49ed64ff8b0d6c96e
7DbGNORyD9hFCAYgJl3xTO,Mirajuddin,4,115,[],[]
7DcUua74PM7MmBljTTjIyy,Shiraz Uppal,54,39574,"['classic pakistani pop', 'pakistani pop']",https://i.scdn.co/image/ab6761610000e5eb216dd4282e7844c581ba8da7
7E9wGxw32KF4mY8l6w9iF0,Nindy Kaur,39,1525,['desi hip hop'],https://i.scdn.co/image/ab6761610000e5eb6c90f3acef7c4c97b99660a5
7FaGCZiP3s6X7jQTB8EhfI,Naresh Iyer,61,362926,"['filmi', 'tamil pop']",https://i.scdn.co/image/ab67616d0000b27376b765824888e522dd59de75
7FtuQ5LCrZa0813JkrBQe4,Bhargavi Pillai,34,336,[],[]
7GNoTWm5VObvMUeS0Wkueu,Sudesh Bhosle,48,17801,"['classic bollywood', 'filmi']",https://i.scdn.co/image/ab67616d0000b2732c00bc8abd1ab71a66cf37d6
7GmnD2XZleQw8PPzRJV7FY,Midival Punditz,39,126737,"['hindi indie', 'indian electronic', 'indian fusion', 'indian indie', 'indian rock', 'new delhi indie', 'world fusion']",https://i.scdn.co/image/ab6761610000e5ebba65d908ac46d23428f78683
7HCqGPJcQTyGJ2yqntbuyr,Amit Trivedi,69,3892857,"['desi pop', 'filmi', 'modern bollywood']",https://i.scdn.co/image/ab6761610000e5eb8862744d5827e0fbd04d61aa
7HHLBC9hUb55SDUcBlM8FQ,Nikhil Paul George,44,31241,[],https://i.scdn.co/image/ab6761610000e5ebe58014a7bd4372a6900acca6
7I2n3NkCzng7CmaiKSj2yp,Marianne,42,1871,['taraneem'],https://i.scdn.co/image/ab67616d0000b273c6007bbaa346625ac50f978b
7IVzXMMN7fFi7PXxPhXcAB,Manj Musik,57,18683,['desi hip hop'],https://i.scdn.co/image/ab6761610000e5eb61aaaaa5ce8ddf4bf4d4c154
7J1dPh3Yjs0aIhQHbBfNQP,Hema Sardesai,47,7254,['filmi'],https://i.scdn.co/image/ab67616d0000b2730c5598121cca6e4939574abb
7J2gs5q2wLq6lU4q4wkyuV,Momina Mustehsan,58,388941,['pakistani pop'],https://i.scdn.co/image/ab6761610000e5ebf4d6a04ac981e6981de335ad
7J8x0FfKAnhtu8LjAIhzoE,Tripathi,12,4,[],[]
7JVE9idcNhaI3X9D2Q3VOS,DJ A. Myth,8,11,[],[]
7M3xY5iHSzEtoL3FpqOD75,Garry Sandhu,67,1716523,"['desi pop', 'punjabi pop']",https://i.scdn.co/image/ab6761610000e5ebc2d8f22c27a318a582e11761
7M6dsXOiEoWPmIp7JYyPg9,Abhishek Ray,5,65,[],https://i.scdn.co/image/ab6761610000e5ebbdb08f81740ba188e0325349
7MAlFea251zaprQFjwvYaL,Aishwarya Majmudar,45,143692,"['filmi', 'gujarati garba', 'gujarati pop', 'modern bollywood']",https://i.scdn.co/image/ab6761610000e5eb4013b471e139e72b730292bf
7MSVHZq5XV6iBbvKNKMia1,Karsan Sagathiya,38,1139,['baps'],https://i.scdn.co/image/ab67616d0000b27378aad9622b4c7201dd8f0bc7
7bcSOvqOKoyZqU41p5YuoJ,Sukhbir,59,293125,"['bhangra', 'desi pop']",https://i.scdn.co/image/ab6761610000e5eb8371f125b950a418de602826
7dJ3pPuDcHLEwhtlZNJKcr,Tata Young,40,32868,"['classic thai pop', 'thai pop']",https://i.scdn.co/image/ab67616d0000b273ee6bdec7709a8d62d63f615f
7dgD9ahHI58usvac3690T9,Akira,30,2017,['hands up'],https://i.scdn.co/image/ab67616d0000b273808b24fe6a6904b8199cd465
7dlRYB2xNL7gYsiXfSQI1f,Ritu Pathak,43,26874,['modern bollywood'],https://i.scdn.co/image/ab67616d0000b27362ffdfe3b78d2c8eb9d250f9
7e6AfoPhtlBJGQ9iNMAckD,Abhishek Bachchan,34,3180,[],https://i.scdn.co/image/ab6761610000e5eb2f1085f85f923bbf25c177db
7eA1pRq5l8UzL8LpZ5Aeuk,Nacim,37,25,[],[]
7ezZ4ix4QBrKkvxanGClFB,Jyoti Nooran,49,3413,['modern bollywood'],https://i.scdn.co/image/ab67616d0000b2735212dbc7f69eb517623d629b
7g50VfJAaMxErQDD8CqlSV,Raj Shekhar,44,33,[],[]
7gOZcXPfLtLbFgUyHGV7cZ,Shipra Goyal,59,9019,['punjabi pop'],https://i.scdn.co/image/ab6761610000e5ebc96332f5725a9513ec8317d1
7gVwxXFMkSYwYGNHIt77qU,Ramya,43,1033,[],https://i.scdn.co/image/ab67616d0000b27315bee6c58181618c6d1d149e
7guD32ltIhsA1tHdf7IVe0,Babul Supriyo,48,337053,"['classic bollywood', 'filmi', 'ghazal', 'modern bollywood']",https://i.scdn.co/image/ab6761610000e5ebd6698826b3414ac6ebba50a1
7gwFyiyf28jkTxi4NJc82e,Madhav Krishna,35,86,[],https://i.scdn.co/image/ab67616d0000b27370baa61b814e0dc57e6fd1da
7hI0IRD66iykVpXiieNRbe,Sez on the Beat,48,30218,['desi hip hop'],https://i.scdn.co/image/ab6761610000e5eb51d7e03503e00c6a0ed8fda3
7hMoxlYd6oVSfqRbEZZguw,Dj Kiran,35,27,[],[]
7hVmdlsJp0E2WQIvVl8ngN,Millind Gaba,60,1530275,"['desi pop', 'modern bollywood', 'punjabi pop']",https://i.scdn.co/image/ab6761610000e5eb0cd4a939e69bf46f41f0c2eb
7ho6U1pgk5AfbhhoS3qggE,Jyoti Noora,27,130,[],[]
7hwEGO7U6JwQ7M1teoO8GW,Siddharth Mahadevan,57,2461,['modern bollywood'],https://i.scdn.co/image/ab6761610000e5ebe4d35bf72488e8c7215bbd45
7jE1lHRfMbaRl5CTCeqqny,Prachi,13,15,[],https://i.scdn.co/image/ab67616d0000b2735e0ecbe88da841513a68238a
7jhqJGN86YT2lS3i1HgO13,"Ravi ""Rags"" Khote",40,50,[],[]
7jo2g1o6z6ZK8DDDazCcOY,Shaan,24,2777,['indian edm'],https://i.scdn.co/image/ab67616d0000b273a8517da5831d2f25d3b2df38
7ko5ByM5HAHUGFAXG28H3P,Adithyan A Prithviraj,22,24,[],[]
7mK6YAYqSrNUgBXDOwOnKH,Sapna Pathak,20,18,[],https://i.scdn.co/image/ab67616d0000b273d88c3e09568956924bbfcb0e
7n7QQVHNcllwJ3g3yOzUs0,Supriya Adhikari,14,3,[],[]
7nVsNB3N2S3AoAyvIPNXlj,Raghav Sachar,35,2710,[],https://i.scdn.co/image/ab6761610000e5ebf2b2482a33a527bfb1d94671
7ojuUObZvGIFTPmThkU91K,Anirudh Bhola,25,763,[],https://i.scdn.co/image/ab67616d0000b273bc8148c2e3dadcd5f46695e3
7owuHLasooWZqMwIixQ73Z,Ashutosh Gowariker,24,27,[],[]
7pwoWOh2sbcmRFkk7QWQsS,Earl,33,8236,[],https://i.scdn.co/image/ab6761610000e5eb064f8f1fb19fa0dd3f879315
7q5O5aSzh6AGETWFiYWFkv,Saleem Shahzada,32,59,[],[]
7qATomOqJzoJiuEpAaxOXd,Sandeep Shrivastava,52,72,[],[]
7qECLpsqZkQ22gofRFUsSx,Raqeeb Aalam,20,2,[],[]
7qHsapL39aTQsPhixtzVvy,Ayushmann Khurrana,60,2468244,"['desi pop', 'filmi', 'modern bollywood']",https://i.scdn.co/image/ab6761610000e5eb8f4f18c14fbce82e6ada2a20
7qcysf2s7iZHYAUI9pOzs2,Anaida,18,534,[],https://i.scdn.co/image/ab67616d0000b273fcdccbe98db4c7f39e28f083
7rqiodJzcaQAk4VqQDV70N,AKBAR SAMI,25,105,[],https://i.scdn.co/image/ab67616d0000b273bb12b25b7c9f88ad198c1965
7sCO08Lf7f0FHy2KEEZ5lk,Shazneen Arethna,33,33,[],https://i.scdn.co/image/ab6761610000e5eb8badbe623dfb36463fb7bf62
7sED6ciQ3d4mZ6aqRGKw6u,Milind,28,30,[],https://i.scdn.co/image/ab67616d0000b2730530209179af42d08756c3c7
7sKPi9jzUTEp80tz3haFMe,Bunty,1,0,[],https://i.scdn.co/image/ab67616d0000b273296e9d4ceda65b28283408a7
7sKm3YTLu8et1kPjmnkTyt,Jatin Sharma,9,50,[],https://i.scdn.co/image/ab67616d0000b2732e6ccfccf4fd0ae1f37c4566
7sXLRHrPFtUyS8rfluzj8b,Smokey,24,780,[],https://i.scdn.co/image/ab6761610000e5eb29f74dd5da20bf680c213e96
7sooPtZ86NLzHd1nlE6xGA,Dj Javed,29,27,[],[]
7tcot9zwXs08BHGXT2JT56,Taz Stereo Nation,23,962,[],https://i.scdn.co/image/ab67616d0000b2733a609c0033f8e08eb87e38fd
7tocQtY2zpLq8fEuQ0zgI1,D.J. Nikhil,3,4,[],[]
7u7mPDD1KXN9mfJ7EsBmET,Sudesh Bhosale,23,64,[],https://i.scdn.co/image/ab67616d0000b27391b47a2731208d8af939a310
7uIbLdzzSEqnX0Pkrb56cR,Yo Yo Honey Singh,71,7281482,"['desi pop', 'filmi', 'hindi hip hop', 'modern bollywood']",https://i.scdn.co/image/ab6761610000e5eb339fc4fb0bf1ddd5cd420d60
7uX1emIGgmfAgtHNRAK50Z,Ved Sharma,53,4936,['desi pop'],https://i.scdn.co/image/ab6761610000e5ebfeddadb0bf7e46794f1aad01
7yTviuRCZ6seimB1za9oC7,Pratima Rao,23,25,[],[]
7zAp0JbkavFg2rcMGvANtP,Shakthisree Gopalan,59,40039,"['modern bollywood', 'mollywood', 'tamil pop']",https://i.scdn.co/image/ab6761610000e5eba4aed358506f8ced29af53a5
7zfceKY7I04Tc0J2o7043h,Mansheel Gujral,53,477,[],https://i.scdn.co/image/ab6761610000e5eb20b768dedf8ce8aeab27951d
